participant_ID,condition,voice,n_targets,hits_ir,fa_count,total_fp,hit_rate_ir,fa_rate,cr_ir,n_wr,hits_wr,hit_rate_wr,mean_rt_ir,median_rt_ir,mean_rt_wr,median_rt_wr,n_rt_ir,cond_voice,mean_rt_ir_clean,median_rt_ir_clean,mean_rt_wr_clean,n_rt_ir_clean
232,HVL,A,18.0,6.0,0.0,6.0,0.3333333333333333,0.0,0.3333333333333333,6.0,5.0,0.8333333333333334,855.6666666666666,800.0,1614.1666666666667,950.0,6.0,HVL_A,855.6666666666666,800.0,1614.1666666666667,6.0
232,HVL,P,18.0,6.0,0.0,6.0,0.3333333333333333,0.0,0.3333333333333333,6.0,3.0,0.5,981.0,1042.5,12341.5,2505.5,6.0,HVL_P,981.0,1042.5,12341.5,6.0
232,LVH,A,18.0,6.0,0.0,6.0,0.3333333333333333,0.0,0.3333333333333333,6.0,5.0,0.8333333333333334,868.6666666666666,873.0,1188.5,1207.5,6.0,LVH_A,868.6666666666666,873.0,1188.5,6.0
232,LVH,P,16.0,5.0,0.0,6.0,0.3125,0.0,0.3125,5.0,4.0,0.8,896.4,894.0,1009.2,620.0,5.0,LVH_P,896.4,894.0,1009.2,5.0
232,LVL,A,18.0,6.0,0.0,6.0,0.3333333333333333,0.0,0.3333333333333333,6.0,6.0,1.0,901.6666666666666,907.5,1524.6666666666667,1385.0,6.0,LVL_A,901.6666666666666,907.5,1524.6666666666667,6.0
232,LVL,P,18.0,6.0,0.0,6.0,0.3333333333333333,0.0,0.3333333333333333,6.0,4.0,0.6666666666666666,973.0,851.0,1109.6666666666667,1035.0,6.0,LVL_P,973.0,851.0,1109.6666666666667,6.0
235,HVL,A,14.0,4.0,0.0,6.0,0.2857142857142857,0.0,0.2857142857142857,4.0,3.0,0.75,1298.75,1065.5,1880.0,866.5,4.0,HVL_A,1298.75,1065.5,1880.0,4.0
235,HVL,P,18.0,6.0,0.0,6.0,0.3333333333333333,0.0,0.3333333333333333,6.0,3.0,0.5,1174.6666666666667,1150.0,1972.6666666666667,459.5,6.0,HVL_P,1174.6666666666667,1150.0,1972.6666666666667,6.0
235,LVH,A,14.0,4.0,0.0,6.0,0.2857142857142857,0.0,0.2857142857142857,4.0,4.0,1.0,1293.75,1296.0,374.0,295.0,4.0,LVH_A,1293.75,1296.0,374.0,4.0
235,LVH,P,14.0,4.0,0.0,6.0,0.2857142857142857,0.0,0.2857142857142857,4.0,2.0,0.5,1633.25,1501.5,2416.75,2066.5,4.0,LVH_P,1633.25,1501.5,2416.75,4.0
235,LVL,A,16.0,5.0,0.0,6.0,0.3125,0.0,0.3125,5.0,4.0,0.8,1839.2,1759.0,757.0,827.0,5.0,LVL_A,1839.2,1759.0,757.0,5.0
235,LVL,P,10.0,2.0,0.0,6.0,0.2,0.0,0.2,2.0,2.0,1.0,1321.0,1321.0,1289.5,1289.5,2.0,LVL_P,1321.0,1321.0,1289.5,2.0
236,HVL,A,16.0,5.0,0.0,6.0,0.3125,0.0,0.3125,5.0,4.0,0.8,1424.8,1463.0,756.6,362.0,5.0,HVL_A,1424.8,1463.0,756.6,5.0
236,HVL,P,18.0,6.0,0.0,6.0,0.3333333333333333,0.0,0.3333333333333333,6.0,4.0,0.6666666666666666,1688.0,1501.0,299.5,274.0,6.0,HVL_P,1688.0,1501.0,299.5,6.0
236,LVH,A,16.0,5.0,0.0,6.0,0.3125,0.0,0.3125,5.0,2.0,0.4,1680.8,1763.0,1088.8,543.0,5.0,LVH_A,1680.8,1763.0,1088.8,5.0
236,LVH,P,18.0,6.0,0.0,6.0,0.3333333333333333,0.0,0.3333333333333333,6.0,4.0,0.6666666666666666,1965.8333333333333,1705.5,1156.1666666666667,670.0,6.0,LVH_P,1965.8333333333333,1705.5,1156.1666666666667,6.0
236,LVL,A,18.0,6.0,0.0,6.0,0.3333333333333333,0.0,0.3333333333333333,6.0,4.0,0.6666666666666666,2142.1666666666665,2061.5,433.3333333333333,326.5,6.0,LVL_A,2142.1666666666665,2061.5,433.3333333333333,6.0
236,LVL,P,18.0,6.0,0.0,6.0,0.3333333333333333,0.0,0.3333333333333333,6.0,5.0,0.8333333333333334,2038.5,2028.0,948.1666666666666,359.0,6.0,LVL_P,2038.5,2028.0,948.1666666666666,6.0
241,HVL,A,16.0,5.0,0.0,6.0,0.3125,0.0,0.3125,5.0,3.0,0.6,1574.6,1363.0,917.2,412.0,5.0,HVL_A,1574.6,1363.0,917.2,5.0
241,HVL,P,18.0,6.0,0.0,6.0,0.3333333333333333,0.0,0.3333333333333333,6.0,3.0,0.5,1651.0,1426.0,737.8333333333334,385.0,6.0,HVL_P,1651.0,1426.0,737.8333333333334,6.0
241,LVH,A,14.0,4.0,0.0,6.0,0.2857142857142857,0.0,0.2857142857142857,4.0,3.0,0.75,1963.0,1801.5,1047.25,299.5,4.0,LVH_A,1963.0,1801.5,1047.25,4.0
241,LVH,P,18.0,6.0,1.0,6.0,0.3333333333333333,0.16666666666666666,0.16666666666666666,6.0,5.0,0.8333333333333334,1698.3333333333333,1360.0,1072.3333333333333,547.0,6.0,LVH_P,1698.3333333333333,1360.0,1072.3333333333333,6.0
241,LVL,A,16.0,5.0,0.0,6.0,0.3125,0.0,0.3125,5.0,1.0,0.2,1811.0,1502.0,355.2,368.0,5.0,LVL_A,1811.0,1502.0,355.2,5.0
241,LVL,P,18.0,6.0,1.0,6.0,0.3333333333333333,0.16666666666666666,0.16666666666666666,6.0,2.0,0.3333333333333333,1624.3333333333333,1680.0,1324.5,782.0,6.0,LVL_P,1624.3333333333333,1680.0,1324.5,6.0
242,HVL,A,16.0,5.0,0.0,6.0,0.3125,0.0,0.3125,5.0,4.0,0.8,1512.0,1588.0,710.4,786.0,5.0,HVL_A,1512.0,1588.0,710.4,5.0
242,HVL,P,18.0,6.0,0.0,6.0,0.3333333333333333,0.0,0.3333333333333333,6.0,5.0,0.8333333333333334,1635.5,1627.0,1024.6666666666667,530.5,6.0,HVL_P,1635.5,1627.0,1024.6666666666667,6.0
242,LVH,A,18.0,6.0,0.0,6.0,0.3333333333333333,0.0,0.3333333333333333,6.0,6.0,1.0,1578.1666666666667,1481.5,1092.8333333333333,550.0,6.0,LVH_A,1578.1666666666667,1481.5,1092.8333333333333,6.0
242,LVH,P,16.0,5.0,0.0,6.0,0.3125,0.0,0.3125,5.0,4.0,0.8,1667.8,1556.0,434.4,403.0,5.0,LVH_P,1667.8,1556.0,434.4,5.0
242,LVL,A,12.0,3.0,0.0,6.0,0.25,0.0,0.25,3.0,2.0,0.6666666666666666,1366.3333333333333,1368.0,544.3333333333334,418.0,3.0,LVL_A,1366.3333333333333,1368.0,544.3333333333334,3.0
242,LVL,P,14.0,4.0,1.0,6.0,0.2857142857142857,0.16666666666666666,0.11904761904761904,4.0,2.0,0.5,2136.5,1836.5,1173.25,1315.0,4.0,LVL_P,2136.5,1836.5,1173.25,4.0
243,HVL,A,18.0,6.0,0.0,6.0,0.3333333333333333,0.0,0.3333333333333333,6.0,6.0,1.0,2357.8333333333335,2271.5,1066.8333333333333,873.5,6.0,HVL_A,2357.8333333333335,2271.5,1066.8333333333333,6.0
243,HVL,P,18.0,6.0,0.0,6.0,0.3333333333333333,0.0,0.3333333333333333,6.0,5.0,0.8333333333333334,2501.6666666666665,2793.0,1498.6666666666667,691.5,6.0,HVL_P,2501.6666666666665,2793.0,1498.6666666666667,6.0
243,LVH,A,16.0,5.0,0.0,6.0,0.3125,0.0,0.3125,5.0,5.0,1.0,2005.8,1807.0,375.2,257.0,5.0,LVH_A,2005.8,1807.0,375.2,5.0
243,LVH,P,18.0,6.0,0.0,6.0,0.3333333333333333,0.0,0.3333333333333333,6.0,6.0,1.0,2095.6666666666665,2109.5,593.6666666666666,610.0,6.0,LVH_P,2095.6666666666665,2109.5,593.6666666666666,6.0
243,LVL,A,16.0,5.0,0.0,6.0,0.3125,0.0,0.3125,5.0,5.0,1.0,2073.2,1677.0,464.4,413.0,5.0,LVL_A,2073.2,1677.0,464.4,5.0
243,LVL,P,18.0,6.0,0.0,6.0,0.3333333333333333,0.0,0.3333333333333333,6.0,6.0,1.0,2333.5,2034.0,697.6666666666666,478.5,6.0,LVL_P,2333.5,2034.0,697.6666666666666,6.0
245,HVL,A,8.0,2.0,0.0,4.0,0.25,0.0,0.25,2.0,2.0,1.0,1206.5,1206.5,781.0,781.0,2.0,HVL_A,1206.5,1206.5,781.0,2.0
245,HVL,P,6.0,1.0,0.0,4.0,0.16666666666666666,0.0,0.16666666666666666,1.0,0.0,0.0,3834.0,3834.0,915.0,915.0,1.0,HVL_P,3834.0,3834.0,915.0,1.0
245,LVH,A,8.0,2.0,0.0,4.0,0.25,0.0,0.25,2.0,1.0,0.5,1690.5,1690.5,708.5,708.5,2.0,LVH_A,1690.5,1690.5,708.5,2.0
245,LVH,P,6.0,1.0,0.0,4.0,0.16666666666666666,0.0,0.16666666666666666,1.0,0.0,0.0,1415.0,1415.0,1014.0,1014.0,1.0,LVH_P,1415.0,1415.0,1014.0,1.0
245,LVL,A,4.0,0.0,0.0,4.0,0.0,0.0,0.0,0.0,0.0,,,,,,0.0,LVL_A,,,,0.0
245,LVL,P,6.0,1.0,0.0,4.0,0.16666666666666666,0.0,0.16666666666666666,1.0,0.0,0.0,2128.0,2128.0,98.0,98.0,1.0,LVL_P,2128.0,2128.0,98.0,1.0
246,HVL,A,12.0,3.0,1.0,6.0,0.25,0.16666666666666666,0.08333333333333334,3.0,3.0,1.0,1971.0,2017.0,904.0,464.0,3.0,HVL_A,1971.0,2017.0,904.0,3.0
246,HVL,P,12.0,3.0,0.0,6.0,0.25,0.0,0.25,3.0,2.0,0.6666666666666666,2017.3333333333333,1960.0,2280.6666666666665,570.0,3.0,HVL_P,2017.3333333333333,1960.0,2280.6666666666665,3.0
246,LVH,A,12.0,3.0,0.0,6.0,0.25,0.0,0.25,3.0,1.0,0.3333333333333333,1911.3333333333333,1961.0,1782.0,731.0,3.0,LVH_A,1911.3333333333333,1961.0,1782.0,3.0
246,LVH,P,10.0,2.0,0.0,6.0,0.2,0.0,0.2,2.0,2.0,1.0,1798.5,1798.5,500.0,500.0,2.0,LVH_P,1798.5,1798.5,500.0,2.0
246,LVL,A,12.0,3.0,0.0,6.0,0.25,0.0,0.25,3.0,3.0,1.0,1317.3333333333333,1315.0,3037.6666666666665,1049.0,3.0,LVL_A,1317.3333333333333,1315.0,3037.6666666666665,3.0
246,LVL,P,12.0,3.0,0.0,6.0,0.25,0.0,0.25,3.0,2.0,0.6666666666666666,1913.3333333333333,1989.0,312.0,208.0,3.0,LVL_P,1913.3333333333333,1989.0,312.0,3.0
247,HVL,A,16.0,5.0,0.0,6.0,0.3125,0.0,0.3125,5.0,4.0,0.8,1637.4,1493.0,1109.2,666.0,5.0,HVL_A,1637.4,1493.0,1109.2,5.0
247,HVL,P,14.0,4.0,0.0,6.0,0.2857142857142857,0.0,0.2857142857142857,4.0,3.0,0.75,1830.25,1962.0,1708.25,937.5,4.0,HVL_P,1830.25,1962.0,1708.25,4.0
247,LVH,A,18.0,6.0,0.0,6.0,0.3333333333333333,0.0,0.3333333333333333,6.0,5.0,0.8333333333333334,1817.8333333333333,1816.5,2267.8333333333335,2181.0,6.0,LVH_A,1817.8333333333333,1816.5,2267.8333333333335,6.0
247,LVH,P,18.0,6.0,0.0,6.0,0.3333333333333333,0.0,0.3333333333333333,6.0,5.0,0.8333333333333334,1711.3333333333333,1822.0,900.6666666666666,777.0,6.0,LVH_P,1711.3333333333333,1822.0,900.6666666666666,6.0
247,LVL,A,16.0,5.0,0.0,6.0,0.3125,0.0,0.3125,5.0,5.0,1.0,1987.8,1771.0,954.2,694.0,5.0,LVL_A,1987.8,1771.0,954.2,5.0
247,LVL,P,16.0,5.0,0.0,6.0,0.3125,0.0,0.3125,5.0,3.0,0.6,2019.0,1772.0,2393.0,858.0,5.0,LVL_P,2019.0,1772.0,2393.0,5.0
249,HVL,A,12.0,3.0,0.0,6.0,0.25,0.0,0.25,3.0,3.0,1.0,1333.6666666666667,1425.0,1583.3333333333333,764.0,3.0,HVL_A,1333.6666666666667,1425.0,1583.3333333333333,3.0
249,HVL,P,18.0,6.0,1.0,6.0,0.3333333333333333,0.16666666666666666,0.16666666666666666,6.0,5.0,0.8333333333333334,1496.3333333333333,1478.5,745.8333333333334,647.5,6.0,HVL_P,1496.3333333333333,1478.5,745.8333333333334,6.0
249,LVH,A,16.0,5.0,1.0,6.0,0.3125,0.16666666666666666,0.14583333333333334,5.0,4.0,0.8,1209.0,1319.0,696.0,647.0,5.0,LVH_A,1209.0,1319.0,696.0,5.0
249,LVH,P,16.0,5.0,0.0,6.0,0.3125,0.0,0.3125,5.0,4.0,0.8,1636.4,1709.0,1628.6,810.0,5.0,LVH_P,1636.4,1709.0,1628.6,5.0
249,LVL,A,14.0,4.0,1.0,6.0,0.2857142857142857,0.16666666666666666,0.11904761904761904,4.0,4.0,1.0,1505.5,1492.0,1117.0,854.5,4.0,LVL_A,1505.5,1492.0,1117.0,4.0
249,LVL,P,12.0,3.0,0.0,6.0,0.25,0.0,0.25,3.0,3.0,1.0,1359.0,1331.0,1332.0,1400.0,3.0,LVL_P,1359.0,1331.0,1332.0,3.0
251,HVL,A,18.0,6.0,0.0,6.0,0.3333333333333333,0.0,0.3333333333333333,6.0,6.0,1.0,1885.5,1943.0,1487.1666666666667,1385.0,6.0,HVL_A,1885.5,1943.0,1487.1666666666667,6.0
251,HVL,P,18.0,6.0,1.0,6.0,0.3333333333333333,0.16666666666666666,0.16666666666666666,6.0,5.0,0.8333333333333334,1653.5,1602.0,1146.1666666666667,475.5,6.0,HVL_P,1653.5,1602.0,1146.1666666666667,6.0
251,LVH,A,18.0,6.0,0.0,6.0,0.3333333333333333,0.0,0.3333333333333333,6.0,4.0,0.6666666666666666,1775.0,1722.5,811.6666666666666,787.0,6.0,LVH_A,1775.0,1722.5,811.6666666666666,6.0
251,LVH,P,16.0,5.0,0.0,6.0,0.3125,0.0,0.3125,5.0,4.0,0.8,2068.8,1993.0,684.2,706.0,5.0,LVH_P,2068.8,1993.0,684.2,5.0
251,LVL,A,18.0,6.0,2.0,6.0,0.3333333333333333,0.3333333333333333,0.0,6.0,6.0,1.0,2061.0,1840.5,979.8333333333334,972.0,6.0,LVL_A,2061.0,1840.5,979.8333333333334,6.0
251,LVL,P,18.0,6.0,0.0,6.0,0.3333333333333333,0.0,0.3333333333333333,6.0,5.0,0.8333333333333334,1905.8333333333333,1709.0,805.3333333333334,493.0,6.0,LVL_P,1905.8333333333333,1709.0,805.3333333333334,6.0
252,HVL,A,16.0,5.0,0.0,6.0,0.3125,0.0,0.3125,5.0,5.0,1.0,1204.2,1066.0,884.0,1033.0,5.0,HVL_A,1204.2,1066.0,884.0,5.0
252,HVL,P,18.0,6.0,0.0,6.0,0.3333333333333333,0.0,0.3333333333333333,6.0,3.0,0.5,1486.6666666666667,1479.5,1450.0,1458.5,6.0,HVL_P,1486.6666666666667,1479.5,1450.0,6.0
252,LVH,A,18.0,6.0,0.0,6.0,0.3333333333333333,0.0,0.3333333333333333,6.0,4.0,0.6666666666666666,1262.1666666666667,1226.5,644.5,558.5,6.0,LVH_A,1262.1666666666667,1226.5,644.5,6.0
252,LVH,P,18.0,6.0,0.0,6.0,0.3333333333333333,0.0,0.3333333333333333,6.0,4.0,0.6666666666666666,1471.1666666666667,1423.0,1554.6666666666667,1254.5,6.0,LVH_P,1471.1666666666667,1423.0,1554.6666666666667,6.0
252,LVL,A,18.0,6.0,0.0,6.0,0.3333333333333333,0.0,0.3333333333333333,6.0,4.0,0.6666666666666666,1549.3333333333333,1598.5,837.6666666666666,770.0,6.0,LVL_A,1549.3333333333333,1598.5,837.6666666666666,6.0
252,LVL,P,14.0,4.0,0.0,6.0,0.2857142857142857,0.0,0.2857142857142857,4.0,4.0,1.0,1566.75,1447.0,1843.5,1483.5,4.0,LVL_P,1566.75,1447.0,1843.5,4.0
253,HVL,A,18.0,6.0,1.0,6.0,0.3333333333333333,0.16666666666666666,0.16666666666666666,6.0,5.0,0.8333333333333334,1229.3333333333333,1200.5,501.0,332.0,6.0,HVL_A,1229.3333333333333,1200.5,501.0,6.0
253,HVL,P,18.0,6.0,0.0,6.0,0.3333333333333333,0.0,0.3333333333333333,6.0,3.0,0.5,1450.8333333333333,1314.0,703.8333333333334,388.0,6.0,HVL_P,1450.8333333333333,1314.0,703.8333333333334,6.0
253,LVH,A,18.0,6.0,0.0,6.0,0.3333333333333333,0.0,0.3333333333333333,6.0,3.0,0.5,2170.8333333333335,2266.5,1004.1666666666666,436.0,6.0,LVH_A,2170.8333333333335,2266.5,1004.1666666666666,6.0
253,LVH,P,18.0,6.0,0.0,6.0,0.3333333333333333,0.0,0.3333333333333333,6.0,4.0,0.6666666666666666,1365.8333333333333,1196.0,852.5,225.0,6.0,LVH_P,1365.8333333333333,1196.0,852.5,6.0
253,LVL,A,18.0,6.0,0.0,6.0,0.3333333333333333,0.0,0.3333333333333333,6.0,4.0,0.6666666666666666,1578.1666666666667,1648.0,279.0,304.0,6.0,LVL_A,1578.1666666666667,1648.0,279.0,6.0
253,LVL,P,18.0,6.0,1.0,6.0,0.3333333333333333,0.16666666666666666,0.16666666666666666,6.0,1.0,0.16666666666666666,1704.3333333333333,1313.5,648.6666666666666,309.0,6.0,LVL_P,1704.3333333333333,1313.5,648.6666666666666,6.0
254,HVL,A,18.0,6.0,2.0,6.0,0.3333333333333333,0.3333333333333333,0.0,6.0,5.0,0.8333333333333334,2098.6666666666665,2078.5,358.1666666666667,275.5,6.0,HVL_A,2098.6666666666665,2078.5,358.1666666666667,6.0
254,HVL,P,16.0,5.0,0.0,6.0,0.3125,0.0,0.3125,5.0,4.0,0.8,2388.4,2369.0,628.0,584.0,5.0,HVL_P,2388.4,2369.0,628.0,5.0
254,LVH,A,14.0,4.0,0.0,6.0,0.2857142857142857,0.0,0.2857142857142857,4.0,4.0,1.0,2129.0,2155.0,288.75,318.5,4.0,LVH_A,2129.0,2155.0,288.75,4.0
254,LVH,P,16.0,5.0,0.0,6.0,0.3125,0.0,0.3125,5.0,4.0,0.8,2085.6,2129.0,1457.6,578.0,5.0,LVH_P,2085.6,2129.0,1457.6,5.0
254,LVL,A,16.0,5.0,0.0,6.0,0.3125,0.0,0.3125,5.0,5.0,1.0,2048.4,1912.0,305.8,184.0,5.0,LVL_A,2048.4,1912.0,305.8,5.0
254,LVL,P,16.0,5.0,0.0,6.0,0.3125,0.0,0.3125,5.0,3.0,0.6,2355.0,1782.0,345.2,456.0,5.0,LVL_P,2355.0,1782.0,345.2,5.0
256,HVL,A,18.0,6.0,0.0,6.0,0.3333333333333333,0.0,0.3333333333333333,6.0,5.0,0.8333333333333334,2364.0,2276.5,1248.3333333333333,726.5,6.0,HVL_A,2364.0,2276.5,1248.3333333333333,6.0
256,HVL,P,18.0,6.0,0.0,6.0,0.3333333333333333,0.0,0.3333333333333333,6.0,4.0,0.6666666666666666,2813.1666666666665,3211.0,1437.0,934.0,6.0,HVL_P,2813.1666666666665,3211.0,1437.0,6.0
256,LVH,A,18.0,6.0,0.0,6.0,0.3333333333333333,0.0,0.3333333333333333,6.0,4.0,0.6666666666666666,2225.6666666666665,2273.5,1014.3333333333334,464.5,6.0,LVH_A,2225.6666666666665,2273.5,1014.3333333333334,6.0
256,LVH,P,18.0,6.0,0.0,6.0,0.3333333333333333,0.0,0.3333333333333333,6.0,5.0,0.8333333333333334,2006.1666666666667,1795.5,392.6666666666667,404.5,6.0,LVH_P,2006.1666666666667,1795.5,392.6666666666667,6.0
256,LVL,A,16.0,5.0,0.0,6.0,0.3125,0.0,0.3125,5.0,3.0,0.6,2447.6,2047.0,1272.8,1005.0,5.0,LVL_A,2447.6,2047.0,1272.8,5.0
256,LVL,P,14.0,4.0,1.0,6.0,0.2857142857142857,0.16666666666666666,0.11904761904761904,4.0,3.0,0.75,2142.0,1943.5,1334.0,499.0,4.0,LVL_P,2142.0,1943.5,1334.0,4.0
257,HVL,A,12.0,3.0,0.0,6.0,0.25,0.0,0.25,3.0,2.0,0.6666666666666666,1688.3333333333333,1497.0,162.33333333333334,161.0,3.0,HVL_A,1688.3333333333333,1497.0,162.33333333333334,3.0
257,HVL,P,10.0,2.0,0.0,6.0,0.2,0.0,0.2,2.0,1.0,0.5,1950.5,1950.5,619.0,619.0,2.0,HVL_P,1950.5,1950.5,619.0,2.0
257,LVH,A,14.0,4.0,0.0,6.0,0.2857142857142857,0.0,0.2857142857142857,4.0,3.0,0.75,1898.75,1563.5,92.0,97.0,4.0,LVH_A,1898.75,1563.5,92.0,4.0
257,LVH,P,10.0,2.0,0.0,6.0,0.2,0.0,0.2,2.0,1.0,0.5,1915.0,1915.0,137.5,137.5,2.0,LVH_P,1915.0,1915.0,137.5,2.0
257,LVL,A,18.0,6.0,0.0,6.0,0.3333333333333333,0.0,0.3333333333333333,6.0,3.0,0.5,2255.6666666666665,2061.0,164.83333333333334,139.5,6.0,LVL_A,2255.6666666666665,2061.0,164.83333333333334,6.0
257,LVL,P,14.0,4.0,0.0,6.0,0.2857142857142857,0.0,0.2857142857142857,4.0,3.0,0.75,2615.75,2691.5,113.0,102.0,4.0,LVL_P,2615.75,2691.5,113.0,4.0
258,HVL,A,10.0,3.0,0.0,4.0,0.3,0.0,0.3,3.0,3.0,1.0,2524.3333333333335,2561.0,481.6666666666667,447.0,3.0,HVL_A,2524.3333333333335,2561.0,481.6666666666667,3.0
258,HVL,P,12.0,4.0,0.0,4.0,0.3333333333333333,0.0,0.3333333333333333,4.0,3.0,0.75,1842.5,1773.5,300.75,218.5,4.0,HVL_P,1842.5,1773.5,300.75,4.0
258,LVH,A,10.0,3.0,0.0,4.0,0.3,0.0,0.3,3.0,3.0,1.0,2654.6666666666665,2248.0,412.6666666666667,312.0,3.0,LVH_A,2654.6666666666665,2248.0,412.6666666666667,3.0
258,LVH,P,10.0,3.0,0.0,4.0,0.3,0.0,0.3,3.0,3.0,1.0,2301.0,1770.0,844.6666666666666,768.0,3.0,LVH_P,2301.0,1770.0,844.6666666666666,3.0
258,LVL,A,12.0,4.0,0.0,4.0,0.3333333333333333,0.0,0.3333333333333333,4.0,4.0,1.0,1943.0,1806.0,325.75,312.0,4.0,LVL_A,1943.0,1806.0,325.75,4.0
258,LVL,P,12.0,4.0,0.0,4.0,0.3333333333333333,0.0,0.3333333333333333,4.0,1.0,0.25,2118.25,2218.5,975.25,375.0,4.0,LVL_P,2118.25,2218.5,975.25,4.0
259,HVL,A,16.0,5.0,0.0,6.0,0.3125,0.0,0.3125,5.0,3.0,0.6,1941.4,1997.0,1513.0,1159.0,5.0,HVL_A,1941.4,1997.0,1513.0,5.0
259,HVL,P,16.0,5.0,1.0,6.0,0.3125,0.16666666666666666,0.14583333333333334,5.0,3.0,0.6,1476.6,1324.0,925.8,796.0,5.0,HVL_P,1476.6,1324.0,925.8,5.0
259,LVH,A,16.0,5.0,0.0,6.0,0.3125,0.0,0.3125,5.0,4.0,0.8,1439.8,1445.0,1365.0,585.0,5.0,LVH_A,1439.8,1445.0,1365.0,5.0
259,LVH,P,14.0,4.0,0.0,6.0,0.2857142857142857,0.0,0.2857142857142857,4.0,3.0,0.75,2046.0,1534.0,1473.0,1087.0,4.0,LVH_P,2046.0,1534.0,1473.0,4.0
259,LVL,A,16.0,5.0,0.0,6.0,0.3125,0.0,0.3125,5.0,4.0,0.8,1838.2,1371.0,1820.8,948.0,5.0,LVL_A,1838.2,1371.0,1820.8,5.0
259,LVL,P,16.0,5.0,0.0,6.0,0.3125,0.0,0.3125,5.0,2.0,0.4,1696.0,1526.0,2549.4,2037.0,5.0,LVL_P,1696.0,1526.0,2549.4,5.0
260,HVL,A,16.0,5.0,0.0,6.0,0.3125,0.0,0.3125,5.0,4.0,0.8,1638.6,1481.0,1935.4,441.0,5.0,HVL_A,1638.6,1481.0,1935.4,5.0
260,HVL,P,18.0,6.0,0.0,6.0,0.3333333333333333,0.0,0.3333333333333333,6.0,4.0,0.6666666666666666,1663.0,1483.0,1282.3333333333333,416.5,6.0,HVL_P,1663.0,1483.0,1282.3333333333333,6.0
260,LVH,A,16.0,5.0,0.0,6.0,0.3125,0.0,0.3125,5.0,4.0,0.8,1766.8,1721.0,509.2,466.0,5.0,LVH_A,1766.8,1721.0,509.2,5.0
260,LVH,P,16.0,5.0,0.0,6.0,0.3125,0.0,0.3125,5.0,5.0,1.0,1635.2,1714.0,483.2,365.0,5.0,LVH_P,1635.2,1714.0,483.2,5.0
260,LVL,A,16.0,5.0,0.0,6.0,0.3125,0.0,0.3125,5.0,4.0,0.8,2296.0,2118.0,564.6,450.0,5.0,LVL_A,2296.0,2118.0,564.6,5.0
260,LVL,P,14.0,4.0,1.0,6.0,0.2857142857142857,0.16666666666666666,0.11904761904761904,4.0,3.0,0.75,2044.0,2117.0,501.75,459.5,4.0,LVL_P,2044.0,2117.0,501.75,4.0
261,HVL,A,18.0,6.0,0.0,6.0,0.3333333333333333,0.0,0.3333333333333333,6.0,5.0,0.8333333333333334,1429.3333333333333,1365.5,1081.3333333333333,628.0,6.0,HVL_A,1429.3333333333333,1365.5,1081.3333333333333,6.0
261,HVL,P,18.0,6.0,1.0,6.0,0.3333333333333333,0.16666666666666666,0.16666666666666666,6.0,5.0,0.8333333333333334,1697.3333333333333,1686.0,788.6666666666666,415.0,6.0,HVL_P,1697.3333333333333,1686.0,788.6666666666666,6.0
261,LVH,A,18.0,6.0,0.0,6.0,0.3333333333333333,0.0,0.3333333333333333,6.0,6.0,1.0,1215.5,1229.0,516.6666666666666,494.5,6.0,LVH_A,1215.5,1229.0,516.6666666666666,6.0
261,LVH,P,18.0,6.0,0.0,6.0,0.3333333333333333,0.0,0.3333333333333333,6.0,6.0,1.0,1484.1666666666667,1303.0,627.5,569.0,6.0,LVH_P,1484.1666666666667,1303.0,627.5,6.0
261,LVL,A,18.0,6.0,0.0,6.0,0.3333333333333333,0.0,0.3333333333333333,6.0,4.0,0.6666666666666666,1427.8333333333333,1475.0,903.6666666666666,621.0,6.0,LVL_A,1427.8333333333333,1475.0,903.6666666666666,6.0
261,LVL,P,18.0,6.0,0.0,6.0,0.3333333333333333,0.0,0.3333333333333333,6.0,5.0,0.8333333333333334,1563.6666666666667,1522.0,636.6666666666666,537.0,6.0,LVL_P,1563.6666666666667,1522.0,636.6666666666666,6.0
262,HVL,A,12.0,3.0,0.0,6.0,0.25,0.0,0.25,3.0,3.0,1.0,2269.0,2208.0,378.0,295.0,3.0,HVL_A,2269.0,2208.0,378.0,3.0
262,HVL,P,16.0,5.0,0.0,6.0,0.3125,0.0,0.3125,5.0,4.0,0.8,2451.0,2569.0,1823.0,1021.0,5.0,HVL_P,2451.0,2569.0,1823.0,5.0
262,LVH,A,18.0,6.0,0.0,6.0,0.3333333333333333,0.0,0.3333333333333333,6.0,5.0,0.8333333333333334,1743.6666666666667,1453.0,655.0,306.5,6.0,LVH_A,1743.6666666666667,1453.0,655.0,6.0
262,LVH,P,18.0,6.0,0.0,6.0,0.3333333333333333,0.0,0.3333333333333333,6.0,5.0,0.8333333333333334,1897.1666666666667,2103.0,365.1666666666667,303.0,6.0,LVH_P,1897.1666666666667,2103.0,365.1666666666667,6.0
262,LVL,A,10.0,2.0,0.0,6.0,0.2,0.0,0.2,2.0,2.0,1.0,1545.5,1545.5,287.5,287.5,2.0,LVL_A,1545.5,1545.5,287.5,2.0
262,LVL,P,16.0,5.0,0.0,6.0,0.3125,0.0,0.3125,5.0,3.0,0.6,2621.2,2579.0,1172.4,474.0,5.0,LVL_P,2621.2,2579.0,1172.4,5.0
263,HVL,A,12.0,3.0,0.0,6.0,0.25,0.0,0.25,3.0,1.0,0.3333333333333333,1892.0,1673.0,1252.6666666666667,1023.0,3.0,HVL_A,1892.0,1673.0,1252.6666666666667,3.0
263,HVL,P,12.0,3.0,0.0,6.0,0.25,0.0,0.25,3.0,3.0,1.0,2192.0,1876.0,924.6666666666666,1152.0,3.0,HVL_P,2192.0,1876.0,924.6666666666666,3.0
263,LVH,A,14.0,4.0,0.0,6.0,0.2857142857142857,0.0,0.2857142857142857,4.0,2.0,0.5,1569.0,1528.5,733.5,407.0,4.0,LVH_A,1569.0,1528.5,733.5,4.0
263,LVH,P,14.0,4.0,0.0,6.0,0.2857142857142857,0.0,0.2857142857142857,4.0,4.0,1.0,1488.0,1235.5,806.75,549.0,4.0,LVH_P,1488.0,1235.5,806.75,4.0
263,LVL,A,14.0,4.0,0.0,6.0,0.2857142857142857,0.0,0.2857142857142857,4.0,2.0,0.5,1443.0,1488.0,1099.0,455.0,4.0,LVL_A,1443.0,1488.0,1099.0,4.0
263,LVL,P,18.0,6.0,0.0,6.0,0.3333333333333333,0.0,0.3333333333333333,6.0,3.0,0.5,1740.8333333333333,1597.0,406.8333333333333,234.0,6.0,LVL_P,1740.8333333333333,1597.0,406.8333333333333,6.0
264,HVL,A,18.0,6.0,0.0,6.0,0.3333333333333333,0.0,0.3333333333333333,6.0,5.0,0.8333333333333334,1126.8333333333333,970.0,981.6666666666666,779.0,6.0,HVL_A,1126.8333333333333,970.0,981.6666666666666,6.0
264,HVL,P,18.0,6.0,0.0,6.0,0.3333333333333333,0.0,0.3333333333333333,6.0,5.0,0.8333333333333334,1298.6666666666667,1309.5,1035.6666666666667,879.5,6.0,HVL_P,1298.6666666666667,1309.5,1035.6666666666667,6.0
264,LVH,A,18.0,6.0,1.0,6.0,0.3333333333333333,0.16666666666666666,0.16666666666666666,6.0,5.0,0.8333333333333334,1259.5,1224.5,1039.1666666666667,918.5,6.0,LVH_A,1259.5,1224.5,1039.1666666666667,6.0
264,LVH,P,18.0,6.0,0.0,6.0,0.3333333333333333,0.0,0.3333333333333333,6.0,6.0,1.0,1105.0,1063.5,1033.3333333333333,702.5,6.0,LVH_P,1105.0,1063.5,1033.3333333333333,6.0
264,LVL,A,16.0,5.0,0.0,6.0,0.3125,0.0,0.3125,5.0,4.0,0.8,1203.4,1160.0,601.8,532.0,5.0,LVL_A,1203.4,1160.0,601.8,5.0
264,LVL,P,16.0,5.0,0.0,6.0,0.3125,0.0,0.3125,5.0,4.0,0.8,1075.2,1075.0,722.4,702.0,5.0,LVL_P,1075.2,1075.0,722.4,5.0
266,HVL,A,16.0,5.0,1.0,6.0,0.3125,0.16666666666666666,0.14583333333333334,5.0,4.0,0.8,2108.6,1752.0,469.8,481.0,5.0,HVL_A,2108.6,1752.0,469.8,5.0
266,HVL,P,18.0,6.0,0.0,6.0,0.3333333333333333,0.0,0.3333333333333333,6.0,5.0,0.8333333333333334,1198.1666666666667,1181.0,1466.6666666666667,959.0,6.0,HVL_P,1198.1666666666667,1181.0,1466.6666666666667,6.0
266,LVH,A,14.0,4.0,0.0,6.0,0.2857142857142857,0.0,0.2857142857142857,4.0,2.0,0.5,1089.75,1040.5,226.25,211.0,4.0,LVH_A,1089.75,1040.5,226.25,4.0
266,LVH,P,18.0,6.0,0.0,6.0,0.3333333333333333,0.0,0.3333333333333333,6.0,5.0,0.8333333333333334,1285.0,1221.0,921.1666666666666,892.5,6.0,LVH_P,1285.0,1221.0,921.1666666666666,6.0
266,LVL,A,16.0,5.0,0.0,6.0,0.3125,0.0,0.3125,5.0,3.0,0.6,1428.0,1227.0,618.6,442.0,5.0,LVL_A,1428.0,1227.0,618.6,5.0
266,LVL,P,18.0,6.0,0.0,6.0,0.3333333333333333,0.0,0.3333333333333333,6.0,5.0,0.8333333333333334,1507.0,1255.0,870.1666666666666,424.0,6.0,LVL_P,1507.0,1255.0,870.1666666666666,6.0
267,HVL,A,18.0,6.0,0.0,6.0,0.3333333333333333,0.0,0.3333333333333333,6.0,5.0,0.8333333333333334,1722.5,1662.0,1954.5,337.0,6.0,HVL_A,1722.5,1662.0,1954.5,6.0
267,HVL,P,16.0,5.0,0.0,6.0,0.3125,0.0,0.3125,5.0,3.0,0.6,1449.4,1374.0,1179.6,201.0,5.0,HVL_P,1449.4,1374.0,1179.6,5.0
267,LVH,A,16.0,5.0,0.0,6.0,0.3125,0.0,0.3125,5.0,4.0,0.8,1669.6,1631.0,570.4,348.0,5.0,LVH_A,1669.6,1631.0,570.4,5.0
267,LVH,P,18.0,6.0,0.0,6.0,0.3333333333333333,0.0,0.3333333333333333,6.0,4.0,0.6666666666666666,1618.3333333333333,1414.5,213.66666666666666,172.5,6.0,LVH_P,1618.3333333333333,1414.5,213.66666666666666,6.0
267,LVL,A,18.0,6.0,0.0,6.0,0.3333333333333333,0.0,0.3333333333333333,6.0,3.0,0.5,1890.0,1362.5,1206.6666666666667,280.5,6.0,LVL_A,1890.0,1362.5,1206.6666666666667,6.0
267,LVL,P,18.0,6.0,1.0,6.0,0.3333333333333333,0.16666666666666666,0.16666666666666666,6.0,3.0,0.5,1667.0,1503.5,2022.8333333333333,2509.0,6.0,LVL_P,1667.0,1503.5,2022.8333333333333,6.0
269,HVL,A,14.0,4.0,0.0,6.0,0.2857142857142857,0.0,0.2857142857142857,4.0,4.0,1.0,1367.0,1337.0,836.25,897.0,4.0,HVL_A,1367.0,1337.0,836.25,4.0
269,HVL,P,18.0,6.0,1.0,6.0,0.3333333333333333,0.16666666666666666,0.16666666666666666,6.0,5.0,0.8333333333333334,1339.1666666666667,1213.0,1305.5,785.0,6.0,HVL_P,1339.1666666666667,1213.0,1305.5,6.0
269,LVH,A,18.0,6.0,0.0,6.0,0.3333333333333333,0.0,0.3333333333333333,6.0,6.0,1.0,1236.6666666666667,965.0,856.5,556.5,6.0,LVH_A,1236.6666666666667,965.0,856.5,6.0
269,LVH,P,12.0,3.0,0.0,6.0,0.25,0.0,0.25,3.0,3.0,1.0,1353.3333333333333,1152.0,2297.0,1525.0,3.0,LVH_P,1353.3333333333333,1152.0,2297.0,3.0
269,LVL,A,14.0,4.0,0.0,6.0,0.2857142857142857,0.0,0.2857142857142857,4.0,4.0,1.0,2369.5,2222.5,1643.5,1604.5,4.0,LVL_A,2369.5,2222.5,1643.5,4.0
269,LVL,P,18.0,6.0,0.0,6.0,0.3333333333333333,0.0,0.3333333333333333,6.0,4.0,0.6666666666666666,1258.3333333333333,1159.5,924.1666666666666,719.0,6.0,LVL_P,1258.3333333333333,1159.5,924.1666666666666,6.0
270,HVL,A,16.0,5.0,0.0,6.0,0.3125,0.0,0.3125,5.0,4.0,0.8,2313.0,2655.0,1956.8,1002.0,5.0,HVL_A,2313.0,2655.0,1956.8,5.0
270,HVL,P,14.0,4.0,0.0,6.0,0.2857142857142857,0.0,0.2857142857142857,4.0,4.0,1.0,1855.75,1863.5,2153.75,1781.5,4.0,HVL_P,1855.75,1863.5,2153.75,4.0
270,LVH,A,16.0,5.0,0.0,6.0,0.3125,0.0,0.3125,5.0,5.0,1.0,1744.6,1735.0,6588.2,2484.0,5.0,LVH_A,1744.6,1735.0,6588.2,5.0
270,LVH,P,16.0,5.0,0.0,6.0,0.3125,0.0,0.3125,5.0,5.0,1.0,1798.4,1792.0,2423.2,1903.0,5.0,LVH_P,1798.4,1792.0,2423.2,5.0
270,LVL,A,14.0,4.0,0.0,6.0,0.2857142857142857,0.0,0.2857142857142857,4.0,3.0,0.75,1958.5,1685.0,1352.0,1337.5,4.0,LVL_A,1958.5,1685.0,1352.0,4.0
270,LVL,P,18.0,6.0,0.0,6.0,0.3333333333333333,0.0,0.3333333333333333,6.0,6.0,1.0,1967.6666666666667,1795.0,868.3333333333334,719.0,6.0,LVL_P,1967.6666666666667,1795.0,868.3333333333334,6.0
273,HVL,A,14.0,4.0,0.0,6.0,0.2857142857142857,0.0,0.2857142857142857,4.0,2.0,0.5,1096.75,1048.0,789.5,257.5,4.0,HVL_A,1096.75,1048.0,789.5,4.0
273,HVL,P,16.0,5.0,0.0,6.0,0.3125,0.0,0.3125,5.0,2.0,0.4,2118.6,2059.0,414.0,285.0,5.0,HVL_P,2118.6,2059.0,414.0,5.0
273,LVH,A,14.0,4.0,0.0,6.0,0.2857142857142857,0.0,0.2857142857142857,4.0,2.0,0.5,1974.0,1513.5,717.5,804.0,4.0,LVH_A,1974.0,1513.5,717.5,4.0
273,LVH,P,12.0,3.0,0.0,6.0,0.25,0.0,0.25,3.0,2.0,0.6666666666666666,2618.3333333333335,2629.0,1215.0,494.0,3.0,LVH_P,2618.3333333333335,2629.0,1215.0,3.0
273,LVL,A,14.0,4.0,0.0,6.0,0.2857142857142857,0.0,0.2857142857142857,4.0,3.0,0.75,1524.0,1390.0,751.25,339.0,4.0,LVL_A,1524.0,1390.0,751.25,4.0
273,LVL,P,12.0,3.0,0.0,6.0,0.25,0.0,0.25,3.0,1.0,0.3333333333333333,1866.6666666666667,1613.0,367.6666666666667,405.0,3.0,LVL_P,1866.6666666666667,1613.0,367.6666666666667,3.0
276,HVL,A,12.0,3.0,0.0,6.0,0.25,0.0,0.25,3.0,3.0,1.0,1665.0,1521.0,2127.3333333333335,2804.0,3.0,HVL_A,1665.0,1521.0,2127.3333333333335,3.0
276,HVL,P,14.0,4.0,1.0,6.0,0.2857142857142857,0.16666666666666666,0.11904761904761904,4.0,0.0,0.0,2433.25,2006.5,1389.75,1418.0,4.0,HVL_P,2433.25,2006.5,1389.75,4.0
276,LVH,A,16.0,5.0,0.0,6.0,0.3125,0.0,0.3125,5.0,4.0,0.8,1877.6,1982.0,2149.6,2298.0,5.0,LVH_A,1877.6,1982.0,2149.6,5.0
276,LVH,P,18.0,6.0,0.0,6.0,0.3333333333333333,0.0,0.3333333333333333,6.0,6.0,1.0,2093.6666666666665,1943.0,1306.8333333333333,465.0,6.0,LVH_P,2093.6666666666665,1943.0,1306.8333333333333,6.0
276,LVL,A,16.0,5.0,0.0,6.0,0.3125,0.0,0.3125,5.0,2.0,0.4,2001.4,1923.0,924.6,412.0,5.0,LVL_A,2001.4,1923.0,924.6,5.0
276,LVL,P,12.0,3.0,0.0,6.0,0.25,0.0,0.25,3.0,2.0,0.6666666666666666,2377.3333333333335,2561.0,2327.0,666.0,3.0,LVL_P,2377.3333333333335,2561.0,2327.0,3.0
277,HVL,A,16.0,5.0,0.0,6.0,0.3125,0.0,0.3125,5.0,4.0,0.8,1150.8,1103.0,244.8,283.0,5.0,HVL_A,1150.8,1103.0,244.8,5.0
277,HVL,P,18.0,6.0,1.0,6.0,0.3333333333333333,0.16666666666666666,0.16666666666666666,6.0,5.0,0.8333333333333334,1411.6666666666667,1424.0,257.5,257.5,6.0,HVL_P,1411.6666666666667,1424.0,257.5,6.0
277,LVH,A,18.0,6.0,0.0,6.0,0.3333333333333333,0.0,0.3333333333333333,6.0,5.0,0.8333333333333334,1499.0,1400.0,957.5,860.5,6.0,LVH_A,1499.0,1400.0,957.5,6.0
277,LVH,P,18.0,6.0,0.0,6.0,0.3333333333333333,0.0,0.3333333333333333,6.0,5.0,0.8333333333333334,1932.5,1714.5,763.6666666666666,522.5,6.0,LVH_P,1932.5,1714.5,763.6666666666666,6.0
277,LVL,A,18.0,6.0,0.0,6.0,0.3333333333333333,0.0,0.3333333333333333,6.0,5.0,0.8333333333333334,1584.1666666666667,1489.0,1255.5,431.5,6.0,LVL_A,1584.1666666666667,1489.0,1255.5,6.0
277,LVL,P,18.0,6.0,0.0,6.0,0.3333333333333333,0.0,0.3333333333333333,6.0,3.0,0.5,1733.3333333333333,1375.0,462.8333333333333,329.5,6.0,LVL_P,1733.3333333333333,1375.0,462.8333333333333,6.0
279,HVL,A,18.0,6.0,0.0,6.0,0.3333333333333333,0.0,0.3333333333333333,6.0,3.0,0.5,1622.5,1521.5,1222.0,545.0,6.0,HVL_A,1622.5,1521.5,1222.0,6.0
279,HVL,P,18.0,6.0,0.0,6.0,0.3333333333333333,0.0,0.3333333333333333,6.0,4.0,0.6666666666666666,2066.6666666666665,1931.5,704.6666666666666,426.0,6.0,HVL_P,2066.6666666666665,1931.5,704.6666666666666,6.0
279,LVH,A,16.0,5.0,0.0,6.0,0.3125,0.0,0.3125,5.0,4.0,0.8,1841.8,2052.0,498.8,383.0,5.0,LVH_A,1841.8,2052.0,498.8,5.0
279,LVH,P,18.0,6.0,0.0,6.0,0.3333333333333333,0.0,0.3333333333333333,6.0,5.0,0.8333333333333334,2219.0,2102.0,276.0,216.5,6.0,LVH_P,2219.0,2102.0,276.0,6.0
279,LVL,A,18.0,6.0,0.0,6.0,0.3333333333333333,0.0,0.3333333333333333,6.0,4.0,0.6666666666666666,1819.5,1562.5,438.1666666666667,270.5,6.0,LVL_A,1819.5,1562.5,438.1666666666667,6.0
279,LVL,P,14.0,4.0,0.0,6.0,0.2857142857142857,0.0,0.2857142857142857,4.0,2.0,0.5,2286.0,2455.0,1361.75,1147.0,4.0,LVL_P,2286.0,2455.0,1361.75,4.0
280,HVL,A,18.0,6.0,1.0,6.0,0.3333333333333333,0.16666666666666666,0.16666666666666666,6.0,6.0,1.0,1632.0,1597.0,948.1666666666666,769.0,6.0,HVL_A,1632.0,1597.0,948.1666666666666,6.0
280,HVL,P,18.0,6.0,0.0,6.0,0.3333333333333333,0.0,0.3333333333333333,6.0,5.0,0.8333333333333334,2036.1666666666667,2085.5,1575.1666666666667,1456.0,6.0,HVL_P,2036.1666666666667,2085.5,1575.1666666666667,6.0
280,LVH,A,18.0,6.0,0.0,6.0,0.3333333333333333,0.0,0.3333333333333333,6.0,5.0,0.8333333333333334,1553.8333333333333,1567.0,1309.6666666666667,803.5,6.0,LVH_A,1553.8333333333333,1567.0,1309.6666666666667,6.0
280,LVH,P,18.0,6.0,0.0,6.0,0.3333333333333333,0.0,0.3333333333333333,6.0,6.0,1.0,1454.5,1302.5,1460.8333333333333,432.0,6.0,LVH_P,1454.5,1302.5,1460.8333333333333,6.0
280,LVL,A,16.0,5.0,1.0,6.0,0.3125,0.16666666666666666,0.14583333333333334,5.0,5.0,1.0,1504.4,1482.0,1144.8,528.0,5.0,LVL_A,1504.4,1482.0,1144.8,5.0
280,LVL,P,18.0,6.0,0.0,6.0,0.3333333333333333,0.0,0.3333333333333333,6.0,5.0,0.8333333333333334,1676.6666666666667,1661.5,1987.1666666666667,591.5,6.0,LVL_P,1676.6666666666667,1661.5,1987.1666666666667,6.0
281,HVL,A,18.0,6.0,0.0,6.0,0.3333333333333333,0.0,0.3333333333333333,6.0,5.0,0.8333333333333334,1553.1666666666667,1586.0,368.5,406.0,6.0,HVL_A,1553.1666666666667,1586.0,368.5,6.0
281,HVL,P,16.0,5.0,1.0,6.0,0.3125,0.16666666666666666,0.14583333333333334,5.0,2.0,0.4,1508.2,1300.0,352.6,329.0,5.0,HVL_P,1508.2,1300.0,352.6,5.0
281,LVH,A,16.0,5.0,0.0,6.0,0.3125,0.0,0.3125,5.0,4.0,0.8,1628.6,1667.0,594.8,573.0,5.0,LVH_A,1628.6,1667.0,594.8,5.0
281,LVH,P,12.0,3.0,1.0,6.0,0.25,0.16666666666666666,0.08333333333333334,3.0,3.0,1.0,1531.0,1479.0,554.3333333333334,522.0,3.0,LVH_P,1531.0,1479.0,554.3333333333334,3.0
281,LVL,A,18.0,6.0,2.0,6.0,0.3333333333333333,0.3333333333333333,0.0,6.0,2.0,0.3333333333333333,1815.0,1894.0,686.6666666666666,339.5,6.0,LVL_A,1815.0,1894.0,686.6666666666666,6.0
281,LVL,P,18.0,6.0,2.0,6.0,0.3333333333333333,0.3333333333333333,0.0,6.0,5.0,0.8333333333333334,1646.1666666666667,1716.0,342.0,360.0,6.0,LVL_P,1646.1666666666667,1716.0,342.0,6.0
282,HVL,A,18.0,6.0,0.0,6.0,0.3333333333333333,0.0,0.3333333333333333,6.0,4.0,0.6666666666666666,1498.1666666666667,1481.5,2995.0,335.5,6.0,HVL_A,1498.1666666666667,1481.5,2995.0,6.0
282,HVL,P,16.0,5.0,1.0,6.0,0.3125,0.16666666666666666,0.14583333333333334,5.0,5.0,1.0,1917.4,1847.0,2542.0,3067.0,5.0,HVL_P,1917.4,1847.0,2542.0,5.0
282,LVH,A,16.0,5.0,0.0,6.0,0.3125,0.0,0.3125,5.0,3.0,0.6,1498.8,1507.0,761.0,162.0,5.0,LVH_A,1498.8,1507.0,761.0,5.0
282,LVH,P,18.0,6.0,1.0,6.0,0.3333333333333333,0.16666666666666666,0.16666666666666666,6.0,4.0,0.6666666666666666,1593.1666666666667,1487.5,325.8333333333333,186.0,6.0,LVH_P,1593.1666666666667,1487.5,325.8333333333333,6.0
282,LVL,A,14.0,4.0,0.0,6.0,0.2857142857142857,0.0,0.2857142857142857,4.0,3.0,0.75,1378.0,1302.5,1209.25,715.0,4.0,LVL_A,1378.0,1302.5,1209.25,4.0
282,LVL,P,18.0,6.0,0.0,6.0,0.3333333333333333,0.0,0.3333333333333333,6.0,5.0,0.8333333333333334,1743.8333333333333,1584.5,3655.6666666666665,696.0,6.0,LVL_P,1743.8333333333333,1584.5,3655.6666666666665,6.0
283,HVL,A,12.0,3.0,0.0,6.0,0.25,0.0,0.25,3.0,2.0,0.6666666666666666,1928.6666666666667,1834.0,3167.0,1016.0,3.0,HVL_A,1928.6666666666667,1834.0,3167.0,3.0
283,HVL,P,12.0,3.0,0.0,6.0,0.25,0.0,0.25,3.0,1.0,0.3333333333333333,1852.3333333333333,1910.0,737.0,849.0,3.0,HVL_P,1852.3333333333333,1910.0,737.0,3.0
283,LVH,A,14.0,4.0,0.0,6.0,0.2857142857142857,0.0,0.2857142857142857,4.0,3.0,0.75,1863.75,1917.5,1267.25,942.5,4.0,LVH_A,1863.75,1917.5,1267.25,4.0
283,LVH,P,12.0,3.0,0.0,6.0,0.25,0.0,0.25,3.0,2.0,0.6666666666666666,2123.0,1885.0,1304.0,1207.0,3.0,LVH_P,2123.0,1885.0,1304.0,3.0
283,LVL,A,12.0,3.0,0.0,6.0,0.25,0.0,0.25,3.0,1.0,0.3333333333333333,1926.0,1840.0,932.6666666666666,785.0,3.0,LVL_A,1926.0,1840.0,932.6666666666666,3.0
283,LVL,P,12.0,3.0,0.0,6.0,0.25,0.0,0.25,3.0,3.0,1.0,1375.0,1361.0,864.6666666666666,884.0,3.0,LVL_P,1375.0,1361.0,864.6666666666666,3.0
285,HVL,A,18.0,6.0,0.0,6.0,0.3333333333333333,0.0,0.3333333333333333,6.0,5.0,0.8333333333333334,1326.6666666666667,1327.5,517.6666666666666,483.5,6.0,HVL_A,1326.6666666666667,1327.5,517.6666666666666,6.0
285,HVL,P,18.0,6.0,0.0,6.0,0.3333333333333333,0.0,0.3333333333333333,6.0,5.0,0.8333333333333334,1704.3333333333333,1621.5,728.3333333333334,703.0,6.0,HVL_P,1704.3333333333333,1621.5,728.3333333333334,6.0
285,LVH,A,18.0,6.0,0.0,6.0,0.3333333333333333,0.0,0.3333333333333333,6.0,5.0,0.8333333333333334,1203.0,1099.5,366.1666666666667,354.0,6.0,LVH_A,1203.0,1099.5,366.1666666666667,6.0
285,LVH,P,18.0,6.0,0.0,6.0,0.3333333333333333,0.0,0.3333333333333333,6.0,6.0,1.0,1393.5,1270.5,437.3333333333333,427.0,6.0,LVH_P,1393.5,1270.5,437.3333333333333,6.0
285,LVL,A,18.0,6.0,0.0,6.0,0.3333333333333333,0.0,0.3333333333333333,6.0,5.0,0.8333333333333334,1427.1666666666667,1308.0,978.0,537.5,6.0,LVL_A,1427.1666666666667,1308.0,978.0,6.0
285,LVL,P,16.0,5.0,0.0,6.0,0.3125,0.0,0.3125,5.0,5.0,1.0,1311.0,1368.0,790.4,461.0,5.0,LVL_P,1311.0,1368.0,790.4,5.0
286,HVL,A,16.0,5.0,0.0,6.0,0.3125,0.0,0.3125,5.0,5.0,1.0,1966.2,1602.0,656.2,714.0,5.0,HVL_A,1966.2,1602.0,656.2,5.0
286,HVL,P,10.0,2.0,0.0,6.0,0.2,0.0,0.2,2.0,2.0,1.0,1583.0,1583.0,868.5,868.5,2.0,HVL_P,1583.0,1583.0,868.5,2.0
286,LVH,A,16.0,5.0,0.0,6.0,0.3125,0.0,0.3125,5.0,4.0,0.8,1281.4,1376.0,878.4,672.0,5.0,LVH_A,1281.4,1376.0,878.4,5.0
286,LVH,P,12.0,3.0,1.0,6.0,0.25,0.16666666666666666,0.08333333333333334,3.0,2.0,0.6666666666666666,1462.0,1395.0,532.0,635.0,3.0,LVH_P,1462.0,1395.0,532.0,3.0
286,LVL,A,12.0,3.0,0.0,6.0,0.25,0.0,0.25,3.0,2.0,0.6666666666666666,1694.3333333333333,1888.0,1273.6666666666667,1245.0,3.0,LVL_A,1694.3333333333333,1888.0,1273.6666666666667,3.0
286,LVL,P,14.0,4.0,0.0,6.0,0.2857142857142857,0.0,0.2857142857142857,4.0,4.0,1.0,2105.75,2164.0,868.5,889.5,4.0,LVL_P,2105.75,2164.0,868.5,4.0
289,HVL,A,18.0,6.0,2.0,6.0,0.3333333333333333,0.3333333333333333,0.0,6.0,3.0,0.5,1592.8333333333333,1428.0,646.1666666666666,326.0,6.0,HVL_A,1592.8333333333333,1428.0,646.1666666666666,6.0
289,HVL,P,14.0,4.0,0.0,6.0,0.2857142857142857,0.0,0.2857142857142857,4.0,4.0,1.0,1851.5,1823.5,451.0,446.0,4.0,HVL_P,1851.5,1823.5,451.0,4.0
289,LVH,A,18.0,6.0,0.0,6.0,0.3333333333333333,0.0,0.3333333333333333,6.0,3.0,0.5,2099.5,2063.0,1283.6666666666667,508.5,6.0,LVH_A,2099.5,2063.0,1283.6666666666667,6.0
289,LVH,P,18.0,6.0,1.0,6.0,0.3333333333333333,0.16666666666666666,0.16666666666666666,6.0,4.0,0.6666666666666666,1977.8333333333333,2015.5,811.0,839.0,6.0,LVH_P,1977.8333333333333,2015.5,811.0,6.0
289,LVL,A,18.0,6.0,1.0,6.0,0.3333333333333333,0.16666666666666666,0.16666666666666666,6.0,5.0,0.8333333333333334,1979.0,1893.5,886.3333333333334,584.0,6.0,LVL_A,1979.0,1893.5,886.3333333333334,6.0
289,LVL,P,16.0,5.0,1.0,6.0,0.3125,0.16666666666666666,0.14583333333333334,5.0,3.0,0.6,2145.6,2219.0,1729.2,749.0,5.0,LVL_P,2145.6,2219.0,1729.2,5.0
290,HVL,A,18.0,6.0,0.0,6.0,0.3333333333333333,0.0,0.3333333333333333,6.0,5.0,0.8333333333333334,1360.1666666666667,1405.5,2103.6666666666665,1726.0,6.0,HVL_A,1360.1666666666667,1405.5,2103.6666666666665,6.0
290,HVL,P,16.0,5.0,0.0,6.0,0.3125,0.0,0.3125,5.0,3.0,0.6,1374.0,1414.0,2745.6,908.0,5.0,HVL_P,1374.0,1414.0,2745.6,5.0
290,LVH,A,14.0,4.0,0.0,6.0,0.2857142857142857,0.0,0.2857142857142857,4.0,3.0,0.75,1463.0,1563.5,2822.5,1380.0,4.0,LVH_A,1463.0,1563.5,2822.5,4.0
290,LVH,P,18.0,6.0,0.0,6.0,0.3333333333333333,0.0,0.3333333333333333,6.0,4.0,0.6666666666666666,2618.3333333333335,2750.0,1863.6666666666667,1872.0,6.0,LVH_P,2618.3333333333335,2750.0,1863.6666666666667,6.0
290,LVL,A,18.0,6.0,1.0,6.0,0.3333333333333333,0.16666666666666666,0.16666666666666666,6.0,4.0,0.6666666666666666,2291.1666666666665,1942.0,3920.5,3289.5,6.0,LVL_A,2291.1666666666665,1942.0,3920.5,6.0
290,LVL,P,18.0,6.0,0.0,6.0,0.3333333333333333,0.0,0.3333333333333333,6.0,6.0,1.0,1667.8333333333333,1641.5,2476.0,1308.0,6.0,LVL_P,1667.8333333333333,1641.5,2476.0,6.0
292,HVL,A,18.0,6.0,0.0,6.0,0.3333333333333333,0.0,0.3333333333333333,6.0,3.0,0.5,1024.3333333333333,1004.5,878.5,903.5,6.0,HVL_A,1024.3333333333333,1004.5,878.5,6.0
292,HVL,P,16.0,5.0,1.0,6.0,0.3125,0.16666666666666666,0.14583333333333334,5.0,4.0,0.8,1221.2,1179.0,868.4,831.0,5.0,HVL_P,1221.2,1179.0,868.4,5.0
292,LVH,A,18.0,6.0,1.0,6.0,0.3333333333333333,0.16666666666666666,0.16666666666666666,6.0,3.0,0.5,958.8333333333334,923.5,941.0,1075.5,6.0,LVH_A,958.8333333333334,923.5,941.0,6.0
292,LVH,P,18.0,6.0,1.0,6.0,0.3333333333333333,0.16666666666666666,0.16666666666666666,6.0,5.0,0.8333333333333334,1163.8333333333333,1217.5,753.8333333333334,623.5,6.0,LVH_P,1163.8333333333333,1217.5,753.8333333333334,6.0
292,LVL,A,14.0,4.0,0.0,6.0,0.2857142857142857,0.0,0.2857142857142857,4.0,3.0,0.75,1457.75,1259.0,833.0,723.0,4.0,LVL_A,1457.75,1259.0,833.0,4.0
292,LVL,P,18.0,6.0,0.0,6.0,0.3333333333333333,0.0,0.3333333333333333,6.0,5.0,0.8333333333333334,1105.6666666666667,1164.5,757.0,751.5,6.0,LVL_P,1105.6666666666667,1164.5,757.0,6.0
293,HVL,A,16.0,5.0,0.0,6.0,0.3125,0.0,0.3125,5.0,4.0,0.8,2031.0,1842.0,868.4,899.0,5.0,HVL_A,2031.0,1842.0,868.4,5.0
293,HVL,P,18.0,6.0,0.0,6.0,0.3333333333333333,0.0,0.3333333333333333,6.0,5.0,0.8333333333333334,2096.6666666666665,2254.5,1031.0,688.5,6.0,HVL_P,2096.6666666666665,2254.5,1031.0,6.0
293,LVH,A,16.0,5.0,0.0,6.0,0.3125,0.0,0.3125,5.0,4.0,0.8,1742.4,1772.0,1754.6,1276.0,5.0,LVH_A,1742.4,1772.0,1754.6,5.0
293,LVH,P,16.0,5.0,0.0,6.0,0.3125,0.0,0.3125,5.0,4.0,0.8,1639.8,1880.0,1418.2,843.0,5.0,LVH_P,1639.8,1880.0,1418.2,5.0
293,LVL,A,18.0,6.0,0.0,6.0,0.3333333333333333,0.0,0.3333333333333333,6.0,3.0,0.5,1493.0,1361.0,969.8333333333334,994.5,6.0,LVL_A,1493.0,1361.0,969.8333333333334,6.0
293,LVL,P,14.0,4.0,0.0,6.0,0.2857142857142857,0.0,0.2857142857142857,4.0,3.0,0.75,1925.5,1624.0,1444.5,1468.5,4.0,LVL_P,1925.5,1624.0,1444.5,4.0
294,HVL,A,12.0,4.0,1.0,4.0,0.3333333333333333,0.25,0.08333333333333331,4.0,2.0,0.5,942.5,996.0,404.5,380.0,4.0,HVL_A,942.5,996.0,404.5,4.0
294,HVL,P,12.0,4.0,1.0,4.0,0.3333333333333333,0.25,0.08333333333333331,4.0,3.0,0.75,2075.25,2021.0,1066.0,803.5,4.0,HVL_P,2075.25,2021.0,1066.0,4.0
294,LVH,A,12.0,4.0,0.0,4.0,0.3333333333333333,0.0,0.3333333333333333,4.0,2.0,0.5,2221.25,2415.5,800.5,715.5,4.0,LVH_A,2221.25,2415.5,800.5,4.0
294,LVH,P,10.0,3.0,0.0,4.0,0.3,0.0,0.3,3.0,1.0,0.3333333333333333,1323.6666666666667,1315.0,413.6666666666667,269.0,3.0,LVH_P,1323.6666666666667,1315.0,413.6666666666667,3.0
294,LVL,A,10.0,3.0,0.0,4.0,0.3,0.0,0.3,3.0,2.0,0.6666666666666666,1216.3333333333333,1128.0,532.6666666666666,639.0,3.0,LVL_A,1216.3333333333333,1128.0,532.6666666666666,3.0
294,LVL,P,12.0,4.0,0.0,4.0,0.3333333333333333,0.0,0.3333333333333333,4.0,2.0,0.5,1352.0,1458.5,377.25,381.0,4.0,LVL_P,1352.0,1458.5,377.25,4.0
295,HVL,A,18.0,6.0,0.0,6.0,0.3333333333333333,0.0,0.3333333333333333,6.0,5.0,0.8333333333333334,1633.0,1541.0,884.6666666666666,808.0,6.0,HVL_A,1633.0,1541.0,884.6666666666666,6.0
295,HVL,P,18.0,6.0,0.0,6.0,0.3333333333333333,0.0,0.3333333333333333,6.0,4.0,0.6666666666666666,1722.3333333333333,1625.5,1151.8333333333333,1002.5,6.0,HVL_P,1722.3333333333333,1625.5,1151.8333333333333,6.0
295,LVH,A,16.0,5.0,0.0,6.0,0.3125,0.0,0.3125,5.0,5.0,1.0,1284.6,1329.0,870.0,689.0,5.0,LVH_A,1284.6,1329.0,870.0,5.0
295,LVH,P,18.0,6.0,0.0,6.0,0.3333333333333333,0.0,0.3333333333333333,6.0,3.0,0.5,1686.8333333333333,1574.0,925.6666666666666,847.5,6.0,LVH_P,1686.8333333333333,1574.0,925.6666666666666,6.0
295,LVL,A,16.0,5.0,0.0,6.0,0.3125,0.0,0.3125,5.0,5.0,1.0,1344.0,1443.0,713.4,736.0,5.0,LVL_A,1344.0,1443.0,713.4,5.0
295,LVL,P,16.0,5.0,0.0,6.0,0.3125,0.0,0.3125,5.0,4.0,0.8,2143.0,1769.0,884.8,864.0,5.0,LVL_P,2143.0,1769.0,884.8,5.0
296,HVL,A,18.0,6.0,0.0,6.0,0.3333333333333333,0.0,0.3333333333333333,6.0,5.0,0.8333333333333334,2028.5,1938.5,1461.0,1103.5,6.0,HVL_A,2028.5,1938.5,1461.0,6.0
296,HVL,P,18.0,6.0,0.0,6.0,0.3333333333333333,0.0,0.3333333333333333,6.0,5.0,0.8333333333333334,1744.1666666666667,1707.0,1874.1666666666667,1755.0,6.0,HVL_P,1744.1666666666667,1707.0,1874.1666666666667,6.0
296,LVH,A,16.0,5.0,1.0,6.0,0.3125,0.16666666666666666,0.14583333333333334,5.0,4.0,0.8,1385.0,1457.0,1655.6,1504.0,5.0,LVH_A,1385.0,1457.0,1655.6,5.0
296,LVH,P,18.0,6.0,0.0,6.0,0.3333333333333333,0.0,0.3333333333333333,6.0,3.0,0.5,1249.5,1129.5,1206.0,1031.0,6.0,LVH_P,1249.5,1129.5,1206.0,6.0
296,LVL,A,14.0,4.0,0.0,6.0,0.2857142857142857,0.0,0.2857142857142857,4.0,3.0,0.75,1283.0,1140.5,2039.25,1999.0,4.0,LVL_A,1283.0,1140.5,2039.25,4.0
296,LVL,P,18.0,6.0,0.0,6.0,0.3333333333333333,0.0,0.3333333333333333,6.0,6.0,1.0,1667.8333333333333,1516.0,3563.3333333333335,2535.0,6.0,LVL_P,1667.8333333333333,1516.0,3563.3333333333335,6.0
297,HVL,A,12.0,4.0,1.0,4.0,0.3333333333333333,0.25,0.08333333333333331,4.0,3.0,0.75,1391.0,1356.5,1048.25,1024.5,4.0,HVL_A,1391.0,1356.5,1048.25,4.0
297,HVL,P,12.0,4.0,1.0,4.0,0.3333333333333333,0.25,0.08333333333333331,4.0,1.0,0.25,1526.0,1251.5,1543.25,1508.5,4.0,HVL_P,1526.0,1251.5,1543.25,4.0
297,LVH,A,10.0,3.0,0.0,4.0,0.3,0.0,0.3,3.0,2.0,0.6666666666666666,1401.6666666666667,1423.0,550.0,619.0,3.0,LVH_A,1401.6666666666667,1423.0,550.0,3.0
297,LVH,P,12.0,4.0,0.0,4.0,0.3333333333333333,0.0,0.3333333333333333,4.0,3.0,0.75,1432.0,1470.5,539.5,506.0,4.0,LVH_P,1432.0,1470.5,539.5,4.0
297,LVL,A,12.0,4.0,0.0,4.0,0.3333333333333333,0.0,0.3333333333333333,4.0,3.0,0.75,1812.0,1612.0,943.0,1012.0,4.0,LVL_A,1812.0,1612.0,943.0,4.0
297,LVL,P,10.0,3.0,0.0,4.0,0.3,0.0,0.3,3.0,3.0,1.0,1465.6666666666667,1246.0,327.0,379.0,3.0,LVL_P,1465.6666666666667,1246.0,327.0,3.0
298,HVL,A,14.0,4.0,0.0,6.0,0.2857142857142857,0.0,0.2857142857142857,4.0,3.0,0.75,1572.0,1655.0,492.25,505.0,4.0,HVL_A,1572.0,1655.0,492.25,4.0
298,HVL,P,14.0,4.0,0.0,6.0,0.2857142857142857,0.0,0.2857142857142857,4.0,3.0,0.75,1478.75,1551.5,648.25,433.5,4.0,HVL_P,1478.75,1551.5,648.25,4.0
298,LVH,A,12.0,3.0,0.0,6.0,0.25,0.0,0.25,3.0,2.0,0.6666666666666666,2001.3333333333333,2327.0,2816.3333333333335,3734.0,3.0,LVH_A,2001.3333333333333,2327.0,2816.3333333333335,3.0
298,LVH,P,16.0,5.0,0.0,6.0,0.3125,0.0,0.3125,5.0,3.0,0.6,1409.8,1424.0,424.0,391.0,5.0,LVH_P,1409.8,1424.0,424.0,5.0
298,LVL,A,12.0,3.0,0.0,6.0,0.25,0.0,0.25,3.0,3.0,1.0,1323.3333333333333,1125.0,1392.3333333333333,579.0,3.0,LVL_A,1323.3333333333333,1125.0,1392.3333333333333,3.0
298,LVL,P,10.0,2.0,0.0,6.0,0.2,0.0,0.2,2.0,2.0,1.0,2955.5,2955.5,805.0,805.0,2.0,LVL_P,2955.5,2955.5,805.0,2.0
302,HVL,A,16.0,5.0,0.0,6.0,0.3125,0.0,0.3125,5.0,4.0,0.8,1412.2,1694.0,600.2,560.0,5.0,HVL_A,1412.2,1694.0,600.2,5.0
302,HVL,P,16.0,5.0,0.0,6.0,0.3125,0.0,0.3125,5.0,2.0,0.4,1738.2,1410.0,632.0,327.0,5.0,HVL_P,1738.2,1410.0,632.0,5.0
302,LVH,A,18.0,6.0,0.0,6.0,0.3333333333333333,0.0,0.3333333333333333,6.0,5.0,0.8333333333333334,1652.0,1537.0,652.8333333333334,485.5,6.0,LVH_A,1652.0,1537.0,652.8333333333334,6.0
302,LVH,P,12.0,3.0,0.0,6.0,0.25,0.0,0.25,3.0,1.0,0.3333333333333333,1468.6666666666667,1239.0,1004.6666666666666,773.0,3.0,LVH_P,1468.6666666666667,1239.0,1004.6666666666666,3.0
302,LVL,A,12.0,3.0,1.0,6.0,0.25,0.16666666666666666,0.08333333333333334,3.0,1.0,0.3333333333333333,2092.0,1890.0,470.0,373.0,3.0,LVL_A,2092.0,1890.0,470.0,3.0
302,LVL,P,16.0,5.0,3.0,6.0,0.3125,0.5,-0.1875,5.0,4.0,0.8,1570.6,1487.0,558.2,520.0,5.0,LVL_P,1570.6,1487.0,558.2,5.0
303,HVL,A,18.0,6.0,1.0,6.0,0.3333333333333333,0.16666666666666666,0.16666666666666666,6.0,6.0,1.0,2276.8333333333335,2250.0,2033.3333333333333,1719.0,6.0,HVL_A,2276.8333333333335,2250.0,2033.3333333333333,6.0
303,HVL,P,16.0,5.0,0.0,6.0,0.3125,0.0,0.3125,5.0,5.0,1.0,2153.0,1756.0,1336.6,909.0,5.0,HVL_P,2153.0,1756.0,1336.6,5.0
303,LVH,A,18.0,6.0,0.0,6.0,0.3333333333333333,0.0,0.3333333333333333,6.0,6.0,1.0,2438.3333333333335,2446.0,1990.0,1913.0,6.0,LVH_A,2438.3333333333335,2446.0,1990.0,6.0
303,LVH,P,14.0,4.0,0.0,6.0,0.2857142857142857,0.0,0.2857142857142857,4.0,2.0,0.5,2211.0,2168.0,1962.5,1898.0,4.0,LVH_P,2211.0,2168.0,1962.5,4.0
303,LVL,A,14.0,4.0,0.0,6.0,0.2857142857142857,0.0,0.2857142857142857,4.0,1.0,0.25,2453.5,2227.0,3344.75,2209.0,4.0,LVL_A,2453.5,2227.0,3344.75,4.0
303,LVL,P,18.0,6.0,0.0,6.0,0.3333333333333333,0.0,0.3333333333333333,6.0,5.0,0.8333333333333334,2014.5,1980.5,1132.8333333333333,1013.0,6.0,LVL_P,2014.5,1980.5,1132.8333333333333,6.0
304,HVL,A,14.0,4.0,0.0,6.0,0.2857142857142857,0.0,0.2857142857142857,4.0,3.0,0.75,2040.5,1898.0,2090.25,2083.0,4.0,HVL_A,2040.5,1898.0,2090.25,4.0
304,HVL,P,14.0,4.0,1.0,6.0,0.2857142857142857,0.16666666666666666,0.11904761904761904,4.0,3.0,0.75,1850.75,1913.0,867.75,935.5,4.0,HVL_P,1850.75,1913.0,867.75,4.0
304,LVH,A,18.0,6.0,0.0,6.0,0.3333333333333333,0.0,0.3333333333333333,6.0,5.0,0.8333333333333334,2157.8333333333335,2277.0,2040.0,832.0,6.0,LVH_A,2157.8333333333335,2277.0,2040.0,6.0
304,LVH,P,18.0,6.0,0.0,6.0,0.3333333333333333,0.0,0.3333333333333333,6.0,6.0,1.0,1937.8333333333333,1556.0,1097.6666666666667,1140.0,6.0,LVH_P,1937.8333333333333,1556.0,1097.6666666666667,6.0
304,LVL,A,14.0,4.0,0.0,6.0,0.2857142857142857,0.0,0.2857142857142857,4.0,4.0,1.0,1542.75,1547.0,856.75,882.5,4.0,LVL_A,1542.75,1547.0,856.75,4.0
304,LVL,P,12.0,3.0,0.0,6.0,0.25,0.0,0.25,3.0,3.0,1.0,1648.3333333333333,1749.0,1339.3333333333333,546.0,3.0,LVL_P,1648.3333333333333,1749.0,1339.3333333333333,3.0
305,HVL,A,18.0,6.0,1.0,6.0,0.3333333333333333,0.16666666666666666,0.16666666666666666,6.0,6.0,1.0,1479.0,1576.5,334.1666666666667,299.5,6.0,HVL_A,1479.0,1576.5,334.1666666666667,6.0
305,HVL,P,18.0,6.0,0.0,6.0,0.3333333333333333,0.0,0.3333333333333333,6.0,6.0,1.0,1948.3333333333333,1608.0,627.5,236.5,6.0,HVL_P,1948.3333333333333,1608.0,627.5,6.0
305,LVH,A,18.0,6.0,0.0,6.0,0.3333333333333333,0.0,0.3333333333333333,6.0,6.0,1.0,1401.6666666666667,1506.0,488.6666666666667,389.0,6.0,LVH_A,1401.6666666666667,1506.0,488.6666666666667,6.0
305,LVH,P,18.0,6.0,0.0,6.0,0.3333333333333333,0.0,0.3333333333333333,6.0,5.0,0.8333333333333334,1218.1666666666667,1275.0,258.3333333333333,247.0,6.0,LVH_P,1218.1666666666667,1275.0,258.3333333333333,6.0
305,LVL,A,18.0,6.0,1.0,6.0,0.3333333333333333,0.16666666666666666,0.16666666666666666,6.0,5.0,0.8333333333333334,1953.6666666666667,1871.0,624.0,604.5,6.0,LVL_A,1953.6666666666667,1871.0,624.0,6.0
305,LVL,P,18.0,6.0,0.0,6.0,0.3333333333333333,0.0,0.3333333333333333,6.0,6.0,1.0,2091.6666666666665,2159.0,770.6666666666666,766.5,6.0,LVL_P,2091.6666666666665,2159.0,770.6666666666666,6.0
307,HVL,A,18.0,6.0,0.0,6.0,0.3333333333333333,0.0,0.3333333333333333,6.0,5.0,0.8333333333333334,869.1666666666666,916.5,3520.8333333333335,2537.5,6.0,HVL_A,869.1666666666666,916.5,3520.8333333333335,6.0
307,HVL,P,18.0,6.0,2.0,6.0,0.3333333333333333,0.3333333333333333,0.0,6.0,5.0,0.8333333333333334,916.8333333333334,901.5,1861.3333333333333,1607.0,6.0,HVL_P,916.8333333333334,901.5,1861.3333333333333,6.0
307,LVH,A,18.0,6.0,1.0,6.0,0.3333333333333333,0.16666666666666666,0.16666666666666666,6.0,5.0,0.8333333333333334,874.1666666666666,834.0,1223.1666666666667,818.0,6.0,LVH_A,874.1666666666666,834.0,1223.1666666666667,6.0
307,LVH,P,18.0,6.0,0.0,6.0,0.3333333333333333,0.0,0.3333333333333333,6.0,4.0,0.6666666666666666,911.3333333333334,865.0,1463.6666666666667,1170.5,6.0,LVH_P,911.3333333333334,865.0,1463.6666666666667,6.0
307,LVL,A,18.0,6.0,0.0,6.0,0.3333333333333333,0.0,0.3333333333333333,6.0,5.0,0.8333333333333334,827.3333333333334,841.0,1519.8333333333333,1291.0,6.0,LVL_A,827.3333333333334,841.0,1519.8333333333333,6.0
307,LVL,P,18.0,6.0,0.0,6.0,0.3333333333333333,0.0,0.3333333333333333,6.0,4.0,0.6666666666666666,962.6666666666666,895.0,1429.0,1120.0,6.0,LVL_P,962.6666666666666,895.0,1429.0,6.0
308,HVL,A,16.0,5.0,1.0,6.0,0.3125,0.16666666666666666,0.14583333333333334,5.0,3.0,0.6,1799.6,1764.0,1511.2,780.0,5.0,HVL_A,1799.6,1764.0,1511.2,5.0
308,HVL,P,18.0,6.0,0.0,6.0,0.3333333333333333,0.0,0.3333333333333333,6.0,5.0,0.8333333333333334,2244.5,2072.5,1354.8333333333333,890.0,6.0,HVL_P,2244.5,2072.5,1354.8333333333333,6.0
308,LVH,A,16.0,5.0,1.0,6.0,0.3125,0.16666666666666666,0.14583333333333334,5.0,2.0,0.4,1689.2,1797.0,818.6,608.0,5.0,LVH_A,1689.2,1797.0,818.6,5.0
308,LVH,P,18.0,6.0,0.0,6.0,0.3333333333333333,0.0,0.3333333333333333,6.0,6.0,1.0,1912.6666666666667,2101.5,1099.5,1026.5,6.0,LVH_P,1912.6666666666667,2101.5,1099.5,6.0
308,LVL,A,16.0,5.0,0.0,6.0,0.3125,0.0,0.3125,5.0,4.0,0.8,1609.6,1741.0,2169.6,1967.0,5.0,LVL_A,1609.6,1741.0,2169.6,5.0
308,LVL,P,18.0,6.0,0.0,6.0,0.3333333333333333,0.0,0.3333333333333333,6.0,5.0,0.8333333333333334,1967.6666666666667,2025.5,1504.8333333333333,1099.5,6.0,LVL_P,1967.6666666666667,2025.5,1504.8333333333333,6.0
309,HVL,A,10.0,2.0,0.0,6.0,0.2,0.0,0.2,2.0,1.0,0.5,2041.0,2041.0,312.0,312.0,2.0,HVL_A,2041.0,2041.0,312.0,2.0
309,HVL,P,6.0,0.0,0.0,6.0,0.0,0.0,0.0,0.0,0.0,,,,,,0.0,HVL_P,,,,0.0
309,LVH,A,6.0,0.0,0.0,6.0,0.0,0.0,0.0,0.0,0.0,,,,,,0.0,LVH_A,,,,0.0
309,LVH,P,8.0,1.0,0.0,6.0,0.125,0.0,0.125,1.0,0.0,0.0,2963.0,2963.0,2204.0,2204.0,1.0,LVH_P,2963.0,2963.0,2204.0,1.0
309,LVL,A,6.0,0.0,0.0,6.0,0.0,0.0,0.0,0.0,0.0,,,,,,0.0,LVL_A,,,,0.0
309,LVL,P,8.0,1.0,0.0,6.0,0.125,0.0,0.125,1.0,1.0,1.0,1278.0,1278.0,288.0,288.0,1.0,LVL_P,1278.0,1278.0,288.0,1.0
310,HVL,A,18.0,6.0,1.0,6.0,0.3333333333333333,0.16666666666666666,0.16666666666666666,6.0,4.0,0.6666666666666666,1337.8333333333333,1214.5,1494.3333333333333,640.0,6.0,HVL_A,1337.8333333333333,1214.5,1494.3333333333333,6.0
310,HVL,P,18.0,6.0,0.0,6.0,0.3333333333333333,0.0,0.3333333333333333,6.0,4.0,0.6666666666666666,1818.3333333333333,1570.5,682.3333333333334,479.0,6.0,HVL_P,1818.3333333333333,1570.5,682.3333333333334,6.0
310,LVH,A,18.0,6.0,0.0,6.0,0.3333333333333333,0.0,0.3333333333333333,6.0,2.0,0.3333333333333333,1599.0,1403.5,882.5,870.5,6.0,LVH_A,1599.0,1403.5,882.5,6.0
310,LVH,P,16.0,5.0,0.0,6.0,0.3125,0.0,0.3125,5.0,3.0,0.6,1158.8,1161.0,892.4,840.0,5.0,LVH_P,1158.8,1161.0,892.4,5.0
310,LVL,A,16.0,5.0,0.0,6.0,0.3125,0.0,0.3125,5.0,5.0,1.0,1351.4,1177.0,663.2,388.0,5.0,LVL_A,1351.4,1177.0,663.2,5.0
310,LVL,P,10.0,2.0,0.0,6.0,0.2,0.0,0.2,2.0,0.0,0.0,1503.0,1503.0,3376.5,3376.5,2.0,LVL_P,1503.0,1503.0,3376.5,2.0
311,HVL,A,16.0,5.0,1.0,6.0,0.3125,0.16666666666666666,0.14583333333333334,5.0,5.0,1.0,2140.4,1912.0,1472.0,1167.0,5.0,HVL_A,2140.4,1912.0,1472.0,5.0
311,HVL,P,18.0,6.0,1.0,6.0,0.3333333333333333,0.16666666666666666,0.16666666666666666,6.0,6.0,1.0,1969.0,2039.5,2130.6666666666665,1262.0,6.0,HVL_P,1969.0,2039.5,2130.6666666666665,6.0
311,LVH,A,18.0,6.0,0.0,6.0,0.3333333333333333,0.0,0.3333333333333333,6.0,5.0,0.8333333333333334,2176.6666666666665,2191.0,1038.1666666666667,1092.0,6.0,LVH_A,2176.6666666666665,2191.0,1038.1666666666667,6.0
311,LVH,P,18.0,6.0,0.0,6.0,0.3333333333333333,0.0,0.3333333333333333,6.0,4.0,0.6666666666666666,1921.1666666666667,1718.0,1007.6666666666666,811.5,6.0,LVH_P,1921.1666666666667,1718.0,1007.6666666666666,6.0
311,LVL,A,18.0,6.0,0.0,6.0,0.3333333333333333,0.0,0.3333333333333333,6.0,5.0,0.8333333333333334,2118.8333333333335,2120.5,1228.8333333333333,930.5,6.0,LVL_A,2118.8333333333335,2120.5,1228.8333333333333,6.0
311,LVL,P,14.0,4.0,0.0,6.0,0.2857142857142857,0.0,0.2857142857142857,4.0,2.0,0.5,1678.25,1654.5,672.5,761.5,4.0,LVL_P,1678.25,1654.5,672.5,4.0
312,HVL,A,18.0,6.0,0.0,6.0,0.3333333333333333,0.0,0.3333333333333333,6.0,5.0,0.8333333333333334,1540.5,1462.0,440.6666666666667,339.5,6.0,HVL_A,1540.5,1462.0,440.6666666666667,6.0
312,HVL,P,14.0,4.0,0.0,6.0,0.2857142857142857,0.0,0.2857142857142857,4.0,4.0,1.0,1811.0,1908.0,968.5,473.0,4.0,HVL_P,1811.0,1908.0,968.5,4.0
312,LVH,A,16.0,5.0,0.0,6.0,0.3125,0.0,0.3125,5.0,4.0,0.8,2114.4,1753.0,2172.6,325.0,5.0,LVH_A,2114.4,1753.0,2172.6,5.0
312,LVH,P,18.0,6.0,1.0,6.0,0.3333333333333333,0.16666666666666666,0.16666666666666666,6.0,3.0,0.5,1534.5,1352.0,1937.6666666666667,765.5,6.0,LVH_P,1534.5,1352.0,1937.6666666666667,6.0
312,LVL,A,16.0,5.0,0.0,6.0,0.3125,0.0,0.3125,5.0,5.0,1.0,1474.6,1446.0,1522.0,1268.0,5.0,LVL_A,1474.6,1446.0,1522.0,5.0
312,LVL,P,16.0,5.0,1.0,6.0,0.3125,0.16666666666666666,0.14583333333333334,5.0,4.0,0.8,2168.8,2195.0,1332.2,476.0,5.0,LVL_P,2168.8,2195.0,1332.2,5.0
313,HVL,A,18.0,6.0,2.0,6.0,0.3333333333333333,0.3333333333333333,0.0,6.0,4.0,0.6666666666666666,1029.6666666666667,1036.5,960.1666666666666,838.5,6.0,HVL_A,1029.6666666666667,1036.5,960.1666666666666,6.0
313,HVL,P,18.0,6.0,0.0,6.0,0.3333333333333333,0.0,0.3333333333333333,6.0,5.0,0.8333333333333334,1292.8333333333333,1345.5,694.8333333333334,577.0,6.0,HVL_P,1292.8333333333333,1345.5,694.8333333333334,6.0
313,LVH,A,18.0,6.0,0.0,6.0,0.3333333333333333,0.0,0.3333333333333333,6.0,6.0,1.0,1034.8333333333333,978.0,1012.0,620.5,6.0,LVH_A,1034.8333333333333,978.0,1012.0,6.0
313,LVH,P,16.0,5.0,0.0,6.0,0.3125,0.0,0.3125,5.0,2.0,0.4,1096.2,1174.0,438.8,324.0,5.0,LVH_P,1096.2,1174.0,438.8,5.0
313,LVL,A,18.0,6.0,1.0,6.0,0.3333333333333333,0.16666666666666666,0.16666666666666666,6.0,4.0,0.6666666666666666,1333.5,1355.5,678.5,748.0,6.0,LVL_A,1333.5,1355.5,678.5,6.0
313,LVL,P,18.0,6.0,1.0,6.0,0.3333333333333333,0.16666666666666666,0.16666666666666666,6.0,3.0,0.5,1407.3333333333333,1491.0,523.8333333333334,496.0,6.0,LVL_P,1407.3333333333333,1491.0,523.8333333333334,6.0
314,HVL,A,18.0,6.0,0.0,6.0,0.3333333333333333,0.0,0.3333333333333333,6.0,5.0,0.8333333333333334,1381.6666666666667,1220.0,405.6666666666667,273.0,6.0,HVL_A,1381.6666666666667,1220.0,405.6666666666667,6.0
314,HVL,P,16.0,5.0,1.0,6.0,0.3125,0.16666666666666666,0.14583333333333334,5.0,2.0,0.4,1538.8,1415.0,989.2,597.0,5.0,HVL_P,1538.8,1415.0,989.2,5.0
314,LVH,A,16.0,5.0,0.0,6.0,0.3125,0.0,0.3125,5.0,4.0,0.8,1647.8,1596.0,360.6,336.0,5.0,LVH_A,1647.8,1596.0,360.6,5.0
314,LVH,P,18.0,6.0,0.0,6.0,0.3333333333333333,0.0,0.3333333333333333,6.0,5.0,0.8333333333333334,1668.3333333333333,1398.5,492.3333333333333,363.5,6.0,LVH_P,1668.3333333333333,1398.5,492.3333333333333,6.0
314,LVL,A,16.0,5.0,0.0,6.0,0.3125,0.0,0.3125,5.0,3.0,0.6,1216.8,1260.0,528.2,351.0,5.0,LVL_A,1216.8,1260.0,528.2,5.0
314,LVL,P,14.0,4.0,0.0,6.0,0.2857142857142857,0.0,0.2857142857142857,4.0,3.0,0.75,1754.5,1656.0,538.0,428.5,4.0,LVL_P,1754.5,1656.0,538.0,4.0
316,HVL,A,18.0,6.0,1.0,6.0,0.3333333333333333,0.16666666666666666,0.16666666666666666,6.0,4.0,0.6666666666666666,1180.6666666666667,1160.5,1099.0,1102.5,6.0,HVL_A,1180.6666666666667,1160.5,1099.0,6.0
316,HVL,P,18.0,6.0,2.0,6.0,0.3333333333333333,0.3333333333333333,0.0,6.0,5.0,0.8333333333333334,1564.3333333333333,1504.5,1217.6666666666667,923.5,6.0,HVL_P,1564.3333333333333,1504.5,1217.6666666666667,6.0
316,LVH,A,14.0,4.0,0.0,6.0,0.2857142857142857,0.0,0.2857142857142857,4.0,4.0,1.0,1420.5,1384.5,1406.0,1087.0,4.0,LVH_A,1420.5,1384.5,1406.0,4.0
316,LVH,P,18.0,6.0,1.0,6.0,0.3333333333333333,0.16666666666666666,0.16666666666666666,6.0,3.0,0.5,1546.5,1203.5,1320.6666666666667,1196.5,6.0,LVH_P,1546.5,1203.5,1320.6666666666667,6.0
316,LVL,A,14.0,4.0,0.0,6.0,0.2857142857142857,0.0,0.2857142857142857,4.0,4.0,1.0,1636.75,1213.0,732.75,734.0,4.0,LVL_A,1636.75,1213.0,732.75,4.0
316,LVL,P,18.0,6.0,0.0,6.0,0.3333333333333333,0.0,0.3333333333333333,6.0,3.0,0.5,1744.0,1650.0,1063.5,850.5,6.0,LVL_P,1744.0,1650.0,1063.5,6.0
317,HVL,A,18.0,6.0,2.0,6.0,0.3333333333333333,0.3333333333333333,0.0,6.0,5.0,0.8333333333333334,1286.5,1046.0,1725.0,1426.5,6.0,HVL_A,1286.5,1046.0,1725.0,6.0
317,HVL,P,12.0,3.0,0.0,6.0,0.25,0.0,0.25,3.0,2.0,0.6666666666666666,1359.0,1076.0,1397.6666666666667,816.0,3.0,HVL_P,1359.0,1076.0,1397.6666666666667,3.0
317,LVH,A,16.0,5.0,1.0,6.0,0.3125,0.16666666666666666,0.14583333333333334,5.0,4.0,0.8,1417.6,1488.0,913.8,808.0,5.0,LVH_A,1417.6,1488.0,913.8,5.0
317,LVH,P,14.0,4.0,0.0,6.0,0.2857142857142857,0.0,0.2857142857142857,4.0,4.0,1.0,1442.5,1436.5,1804.0,1924.0,4.0,LVH_P,1442.5,1436.5,1804.0,4.0
317,LVL,A,16.0,5.0,1.0,6.0,0.3125,0.16666666666666666,0.14583333333333334,5.0,4.0,0.8,1522.4,1348.0,1239.4,1223.0,5.0,LVL_A,1522.4,1348.0,1239.4,5.0
317,LVL,P,16.0,5.0,0.0,6.0,0.3125,0.0,0.3125,5.0,4.0,0.8,1382.0,1264.0,856.6,916.0,5.0,LVL_P,1382.0,1264.0,856.6,5.0
318,HVL,A,18.0,6.0,0.0,6.0,0.3333333333333333,0.0,0.3333333333333333,6.0,5.0,0.8333333333333334,1737.1666666666667,1797.5,1446.8333333333333,583.0,6.0,HVL_A,1737.1666666666667,1797.5,1446.8333333333333,6.0
318,HVL,P,16.0,5.0,0.0,6.0,0.3125,0.0,0.3125,5.0,5.0,1.0,1775.8,1744.0,1030.2,389.0,5.0,HVL_P,1775.8,1744.0,1030.2,5.0
318,LVH,A,16.0,5.0,1.0,6.0,0.3125,0.16666666666666666,0.14583333333333334,5.0,5.0,1.0,2109.2,1767.0,866.6,683.0,5.0,LVH_A,2109.2,1767.0,866.6,5.0
318,LVH,P,16.0,5.0,0.0,6.0,0.3125,0.0,0.3125,5.0,5.0,1.0,1739.8,1538.0,856.4,698.0,5.0,LVH_P,1739.8,1538.0,856.4,5.0
318,LVL,A,18.0,6.0,0.0,6.0,0.3333333333333333,0.0,0.3333333333333333,6.0,3.0,0.5,1635.3333333333333,1755.0,1735.6666666666667,1203.5,6.0,LVL_A,1635.3333333333333,1755.0,1735.6666666666667,6.0
318,LVL,P,16.0,5.0,2.0,6.0,0.3125,0.3333333333333333,-0.020833333333333315,5.0,4.0,0.8,1847.0,1762.0,638.8,598.0,5.0,LVL_P,1847.0,1762.0,638.8,5.0
322,HVL,A,18.0,6.0,1.0,6.0,0.3333333333333333,0.16666666666666666,0.16666666666666666,6.0,3.0,0.5,1241.3333333333333,1231.0,646.6666666666666,630.0,6.0,HVL_A,1241.3333333333333,1231.0,646.6666666666666,6.0
322,HVL,P,14.0,4.0,0.0,6.0,0.2857142857142857,0.0,0.2857142857142857,4.0,4.0,1.0,2192.25,1931.0,711.25,461.5,4.0,HVL_P,2192.25,1931.0,711.25,4.0
322,LVH,A,16.0,5.0,1.0,6.0,0.3125,0.16666666666666666,0.14583333333333334,5.0,5.0,1.0,1691.6,1597.0,800.8,663.0,5.0,LVH_A,1691.6,1597.0,800.8,5.0
322,LVH,P,16.0,5.0,1.0,6.0,0.3125,0.16666666666666666,0.14583333333333334,5.0,2.0,0.4,1343.8,1225.0,596.4,647.0,5.0,LVH_P,1343.8,1225.0,596.4,5.0
322,LVL,A,16.0,5.0,0.0,6.0,0.3125,0.0,0.3125,5.0,4.0,0.8,1407.6,1440.0,753.6,310.0,5.0,LVL_A,1407.6,1440.0,753.6,5.0
322,LVL,P,16.0,5.0,0.0,6.0,0.3125,0.0,0.3125,5.0,2.0,0.4,1354.4,1223.0,1337.8,1024.0,5.0,LVL_P,1354.4,1223.0,1337.8,5.0
323,HVL,A,16.0,5.0,1.0,6.0,0.3125,0.16666666666666666,0.14583333333333334,5.0,5.0,1.0,1472.2,1411.0,145.4,155.0,5.0,HVL_A,1472.2,1411.0,145.4,5.0
323,HVL,P,18.0,6.0,0.0,6.0,0.3333333333333333,0.0,0.3333333333333333,6.0,4.0,0.6666666666666666,2247.0,2291.0,1054.8333333333333,328.0,6.0,HVL_P,2247.0,2291.0,1054.8333333333333,6.0
323,LVH,A,18.0,6.0,0.0,6.0,0.3333333333333333,0.0,0.3333333333333333,6.0,5.0,0.8333333333333334,1559.0,1424.5,971.3333333333334,152.0,6.0,LVH_A,1559.0,1424.5,971.3333333333334,6.0
323,LVH,P,18.0,6.0,0.0,6.0,0.3333333333333333,0.0,0.3333333333333333,6.0,5.0,0.8333333333333334,1501.6666666666667,1503.5,669.5,221.0,6.0,LVH_P,1501.6666666666667,1503.5,669.5,6.0
323,LVL,A,18.0,6.0,0.0,6.0,0.3333333333333333,0.0,0.3333333333333333,6.0,5.0,0.8333333333333334,1875.0,1599.0,852.6666666666666,304.5,6.0,LVL_A,1875.0,1599.0,852.6666666666666,6.0
323,LVL,P,18.0,6.0,0.0,6.0,0.3333333333333333,0.0,0.3333333333333333,6.0,4.0,0.6666666666666666,2170.1666666666665,2270.0,371.0,199.0,6.0,LVL_P,2170.1666666666665,2270.0,371.0,6.0
325,HVL,A,10.0,2.0,0.0,6.0,0.2,0.0,0.2,2.0,1.0,0.5,2067.5,2067.5,1184.0,1184.0,2.0,HVL_A,2067.5,2067.5,1184.0,2.0
325,HVL,P,16.0,5.0,0.0,6.0,0.3125,0.0,0.3125,5.0,4.0,0.8,2364.8,2144.0,1120.2,921.0,5.0,HVL_P,2364.8,2144.0,1120.2,5.0
325,LVH,A,12.0,3.0,0.0,6.0,0.25,0.0,0.25,3.0,3.0,1.0,1893.3333333333333,1768.0,682.6666666666666,322.0,3.0,LVH_A,1893.3333333333333,1768.0,682.6666666666666,3.0
325,LVH,P,14.0,4.0,0.0,6.0,0.2857142857142857,0.0,0.2857142857142857,4.0,4.0,1.0,1808.0,1835.0,555.5,454.5,4.0,LVH_P,1808.0,1835.0,555.5,4.0
325,LVL,A,8.0,1.0,0.0,6.0,0.125,0.0,0.125,1.0,1.0,1.0,2978.0,2978.0,336.0,336.0,1.0,LVL_A,2978.0,2978.0,336.0,1.0
325,LVL,P,18.0,6.0,1.0,6.0,0.3333333333333333,0.16666666666666666,0.16666666666666666,6.0,4.0,0.6666666666666666,2624.0,2685.5,721.5,332.0,6.0,LVL_P,2624.0,2685.5,721.5,6.0
326,HVL,A,14.0,4.0,0.0,6.0,0.2857142857142857,0.0,0.2857142857142857,4.0,3.0,0.75,1189.75,999.0,424.0,271.5,4.0,HVL_A,1189.75,999.0,424.0,4.0
326,HVL,P,18.0,6.0,0.0,6.0,0.3333333333333333,0.0,0.3333333333333333,6.0,3.0,0.5,1158.3333333333333,1107.5,307.6666666666667,256.0,6.0,HVL_P,1158.3333333333333,1107.5,307.6666666666667,6.0
326,LVH,A,16.0,5.0,0.0,6.0,0.3125,0.0,0.3125,5.0,5.0,1.0,1567.6,1373.0,364.6,354.0,5.0,LVH_A,1567.6,1373.0,364.6,5.0
326,LVH,P,14.0,4.0,0.0,6.0,0.2857142857142857,0.0,0.2857142857142857,4.0,2.0,0.5,1021.25,991.5,363.5,312.0,4.0,LVH_P,1021.25,991.5,363.5,4.0
326,LVL,A,16.0,5.0,1.0,6.0,0.3125,0.16666666666666666,0.14583333333333334,5.0,3.0,0.6,1428.4,1276.0,245.4,270.0,5.0,LVL_A,1428.4,1276.0,245.4,5.0
326,LVL,P,18.0,6.0,0.0,6.0,0.3333333333333333,0.0,0.3333333333333333,6.0,5.0,0.8333333333333334,1683.8333333333333,1613.0,280.3333333333333,284.5,6.0,LVL_P,1683.8333333333333,1613.0,280.3333333333333,6.0
327,HVL,A,18.0,6.0,0.0,6.0,0.3333333333333333,0.0,0.3333333333333333,6.0,5.0,0.8333333333333334,2061.1666666666665,1883.0,875.5,700.5,6.0,HVL_A,2061.1666666666665,1883.0,875.5,6.0
327,HVL,P,18.0,6.0,1.0,6.0,0.3333333333333333,0.16666666666666666,0.16666666666666666,6.0,4.0,0.6666666666666666,1685.5,1758.0,670.5,566.5,6.0,HVL_P,1685.5,1758.0,670.5,6.0
327,LVH,A,18.0,6.0,0.0,6.0,0.3333333333333333,0.0,0.3333333333333333,6.0,4.0,0.6666666666666666,1585.1666666666667,1524.5,708.6666666666666,412.5,6.0,LVH_A,1585.1666666666667,1524.5,708.6666666666666,6.0
327,LVH,P,18.0,6.0,0.0,6.0,0.3333333333333333,0.0,0.3333333333333333,6.0,4.0,0.6666666666666666,2222.1666666666665,2298.5,856.3333333333334,817.0,6.0,LVH_P,2222.1666666666665,2298.5,856.3333333333334,6.0
327,LVL,A,14.0,4.0,0.0,6.0,0.2857142857142857,0.0,0.2857142857142857,4.0,3.0,0.75,2282.75,2276.5,761.75,582.0,4.0,LVL_A,2282.75,2276.5,761.75,4.0
327,LVL,P,18.0,6.0,0.0,6.0,0.3333333333333333,0.0,0.3333333333333333,6.0,4.0,0.6666666666666666,2439.1666666666665,2579.5,1341.8333333333333,1092.5,6.0,LVL_P,2439.1666666666665,2579.5,1341.8333333333333,6.0
328,HVL,A,14.0,4.0,0.0,6.0,0.2857142857142857,0.0,0.2857142857142857,4.0,3.0,0.75,1124.0,1110.5,2828.5,2813.5,4.0,HVL_A,1124.0,1110.5,2828.5,4.0
328,HVL,P,16.0,5.0,0.0,6.0,0.3125,0.0,0.3125,5.0,4.0,0.8,1086.6,1091.0,459.2,366.0,5.0,HVL_P,1086.6,1091.0,459.2,5.0
328,LVH,A,18.0,6.0,0.0,6.0,0.3333333333333333,0.0,0.3333333333333333,6.0,5.0,0.8333333333333334,1228.0,1267.0,738.5,288.5,6.0,LVH_A,1228.0,1267.0,738.5,6.0
328,LVH,P,16.0,5.0,0.0,6.0,0.3125,0.0,0.3125,5.0,5.0,1.0,1432.0,1705.0,516.4,270.0,5.0,LVH_P,1432.0,1705.0,516.4,5.0
328,LVL,A,18.0,6.0,1.0,6.0,0.3333333333333333,0.16666666666666666,0.16666666666666666,6.0,5.0,0.8333333333333334,1421.0,1330.5,723.0,654.0,6.0,LVL_A,1421.0,1330.5,723.0,6.0
328,LVL,P,14.0,4.0,0.0,6.0,0.2857142857142857,0.0,0.2857142857142857,4.0,3.0,0.75,1497.75,1431.5,264.0,230.0,4.0,LVL_P,1497.75,1431.5,264.0,4.0
329,HVL,A,18.0,6.0,0.0,6.0,0.3333333333333333,0.0,0.3333333333333333,6.0,4.0,0.6666666666666666,2400.0,2638.0,985.0,247.5,6.0,HVL_A,2400.0,2638.0,985.0,6.0
329,HVL,P,14.0,4.0,2.0,6.0,0.2857142857142857,0.3333333333333333,-0.047619047619047616,4.0,3.0,0.75,2712.0,2794.5,1477.75,1376.0,4.0,HVL_P,2712.0,2794.5,1477.75,4.0
329,LVH,A,12.0,3.0,0.0,6.0,0.25,0.0,0.25,3.0,1.0,0.3333333333333333,2560.6666666666665,2132.0,584.0,688.0,3.0,LVH_A,2560.6666666666665,2132.0,584.0,3.0
329,LVH,P,16.0,5.0,0.0,6.0,0.3125,0.0,0.3125,5.0,4.0,0.8,1933.2,2077.0,804.8,696.0,5.0,LVH_P,1933.2,2077.0,804.8,5.0
329,LVL,A,18.0,6.0,0.0,6.0,0.3333333333333333,0.0,0.3333333333333333,6.0,5.0,0.8333333333333334,1537.1666666666667,1464.5,563.5,215.5,6.0,LVL_A,1537.1666666666667,1464.5,563.5,6.0
329,LVL,P,14.0,4.0,1.0,6.0,0.2857142857142857,0.16666666666666666,0.11904761904761904,4.0,3.0,0.75,1511.75,1341.5,373.25,303.0,4.0,LVL_P,1511.75,1341.5,373.25,4.0
330,HVL,A,16.0,5.0,1.0,6.0,0.3125,0.16666666666666666,0.14583333333333334,5.0,5.0,1.0,2238.6,2188.0,727.4,676.0,5.0,HVL_A,2238.6,2188.0,727.4,5.0
330,HVL,P,18.0,6.0,1.0,6.0,0.3333333333333333,0.16666666666666666,0.16666666666666666,6.0,3.0,0.5,2723.0,3032.5,519.8333333333334,537.5,6.0,HVL_P,2723.0,3032.5,519.8333333333334,6.0
330,LVH,A,18.0,6.0,0.0,6.0,0.3333333333333333,0.0,0.3333333333333333,6.0,5.0,0.8333333333333334,2019.1666666666667,1869.0,529.0,573.0,6.0,LVH_A,2019.1666666666667,1869.0,529.0,6.0
330,LVH,P,16.0,5.0,1.0,6.0,0.3125,0.16666666666666666,0.14583333333333334,5.0,4.0,0.8,2219.0,2219.0,443.6,345.0,5.0,LVH_P,2219.0,2219.0,443.6,5.0
330,LVL,A,10.0,2.0,1.0,6.0,0.2,0.16666666666666666,0.033333333333333354,2.0,1.0,0.5,2168.5,2168.5,318.5,318.5,2.0,LVL_A,2168.5,2168.5,318.5,2.0
330,LVL,P,14.0,4.0,0.0,6.0,0.2857142857142857,0.0,0.2857142857142857,4.0,3.0,0.75,2198.5,1937.5,393.25,228.0,4.0,LVL_P,2198.5,1937.5,393.25,4.0
331,HVL,A,14.0,4.0,0.0,6.0,0.2857142857142857,0.0,0.2857142857142857,4.0,3.0,0.75,2297.25,2305.0,743.75,508.0,4.0,HVL_A,2297.25,2305.0,743.75,4.0
331,HVL,P,12.0,3.0,0.0,6.0,0.25,0.0,0.25,3.0,2.0,0.6666666666666666,2266.6666666666665,2199.0,1100.0,1174.0,3.0,HVL_P,2266.6666666666665,2199.0,1100.0,3.0
331,LVH,A,16.0,5.0,0.0,6.0,0.3125,0.0,0.3125,5.0,5.0,1.0,2178.6,2280.0,861.8,688.0,5.0,LVH_A,2178.6,2280.0,861.8,5.0
331,LVH,P,18.0,6.0,0.0,6.0,0.3333333333333333,0.0,0.3333333333333333,6.0,3.0,0.5,2723.1666666666665,2743.0,1414.3333333333333,1120.5,6.0,LVH_P,2723.1666666666665,2743.0,1414.3333333333333,6.0
331,LVL,A,16.0,5.0,0.0,6.0,0.3125,0.0,0.3125,5.0,4.0,0.8,2354.8,2250.0,1308.2,1312.0,5.0,LVL_A,2354.8,2250.0,1308.2,5.0
331,LVL,P,14.0,4.0,0.0,6.0,0.2857142857142857,0.0,0.2857142857142857,4.0,3.0,0.75,2202.25,2345.0,762.75,586.5,4.0,LVL_P,2202.25,2345.0,762.75,4.0
333,HVL,A,18.0,6.0,1.0,6.0,0.3333333333333333,0.16666666666666666,0.16666666666666666,6.0,5.0,0.8333333333333334,1972.5,1737.5,897.5,567.0,6.0,HVL_A,1972.5,1737.5,897.5,6.0
333,HVL,P,18.0,6.0,1.0,6.0,0.3333333333333333,0.16666666666666666,0.16666666666666666,6.0,6.0,1.0,2090.3333333333335,1898.5,739.8333333333334,607.0,6.0,HVL_P,2090.3333333333335,1898.5,739.8333333333334,6.0
333,LVH,A,18.0,6.0,1.0,6.0,0.3333333333333333,0.16666666666666666,0.16666666666666666,6.0,5.0,0.8333333333333334,2007.1666666666667,1853.0,1113.8333333333333,580.5,6.0,LVH_A,2007.1666666666667,1853.0,1113.8333333333333,6.0
333,LVH,P,18.0,6.0,0.0,6.0,0.3333333333333333,0.0,0.3333333333333333,6.0,5.0,0.8333333333333334,1510.8333333333333,1398.5,818.1666666666666,646.0,6.0,LVH_P,1510.8333333333333,1398.5,818.1666666666666,6.0
333,LVL,A,16.0,5.0,2.0,6.0,0.3125,0.3333333333333333,-0.020833333333333315,5.0,5.0,1.0,1693.8,1862.0,1027.0,1135.0,5.0,LVL_A,1693.8,1862.0,1027.0,5.0
333,LVL,P,18.0,6.0,0.0,6.0,0.3333333333333333,0.0,0.3333333333333333,6.0,5.0,0.8333333333333334,2246.0,1908.0,576.6666666666666,567.0,6.0,LVL_P,2246.0,1908.0,576.6666666666666,6.0
339,HVL,A,18.0,6.0,2.0,6.0,0.3333333333333333,0.3333333333333333,0.0,6.0,4.0,0.6666666666666666,2034.1666666666667,2128.0,1440.0,793.5,6.0,HVL_A,2034.1666666666667,2128.0,1440.0,6.0
339,HVL,P,18.0,6.0,2.0,6.0,0.3333333333333333,0.3333333333333333,0.0,6.0,4.0,0.6666666666666666,2073.3333333333335,2040.5,1225.5,890.5,6.0,HVL_P,2073.3333333333335,2040.5,1225.5,6.0
339,LVH,A,16.0,5.0,0.0,6.0,0.3125,0.0,0.3125,5.0,2.0,0.4,1482.4,1352.0,2363.8,2390.0,5.0,LVH_A,1482.4,1352.0,2363.8,5.0
339,LVH,P,18.0,6.0,0.0,6.0,0.3333333333333333,0.0,0.3333333333333333,6.0,4.0,0.6666666666666666,1676.6666666666667,1413.5,2879.5,1772.5,6.0,LVH_P,1676.6666666666667,1413.5,2879.5,6.0
339,LVL,A,18.0,6.0,0.0,6.0,0.3333333333333333,0.0,0.3333333333333333,6.0,4.0,0.6666666666666666,1453.0,1479.5,1530.3333333333333,1278.5,6.0,LVL_A,1453.0,1479.5,1530.3333333333333,6.0
339,LVL,P,16.0,5.0,1.0,6.0,0.3125,0.16666666666666666,0.14583333333333334,5.0,4.0,0.8,1810.4,1749.0,1158.0,1229.0,5.0,LVL_P,1810.4,1749.0,1158.0,5.0
340,HVL,A,18.0,6.0,0.0,6.0,0.3333333333333333,0.0,0.3333333333333333,6.0,4.0,0.6666666666666666,1866.6666666666667,1627.0,971.1666666666666,888.0,6.0,HVL_A,1866.6666666666667,1627.0,971.1666666666666,6.0
340,HVL,P,18.0,6.0,0.0,6.0,0.3333333333333333,0.0,0.3333333333333333,6.0,5.0,0.8333333333333334,1670.3333333333333,1648.5,1558.5,1712.0,6.0,HVL_P,1670.3333333333333,1648.5,1558.5,6.0
340,LVH,A,18.0,6.0,1.0,6.0,0.3333333333333333,0.16666666666666666,0.16666666666666666,6.0,5.0,0.8333333333333334,1482.0,1457.0,1496.6666666666667,1334.0,6.0,LVH_A,1482.0,1457.0,1496.6666666666667,6.0
340,LVH,P,18.0,6.0,0.0,6.0,0.3333333333333333,0.0,0.3333333333333333,6.0,6.0,1.0,1686.5,1624.0,1032.3333333333333,767.0,6.0,LVH_P,1686.5,1624.0,1032.3333333333333,6.0
340,LVL,A,16.0,5.0,0.0,6.0,0.3125,0.0,0.3125,5.0,4.0,0.8,1559.0,1569.0,1198.6,828.0,5.0,LVL_A,1559.0,1569.0,1198.6,5.0
340,LVL,P,18.0,6.0,0.0,6.0,0.3333333333333333,0.0,0.3333333333333333,6.0,5.0,0.8333333333333334,1831.1666666666667,1644.5,1454.8333333333333,1128.0,6.0,LVL_P,1831.1666666666667,1644.5,1454.8333333333333,6.0
342,HVL,A,18.0,6.0,0.0,6.0,0.3333333333333333,0.0,0.3333333333333333,6.0,5.0,0.8333333333333334,1331.0,1330.0,1106.6666666666667,682.0,6.0,HVL_A,1331.0,1330.0,1106.6666666666667,6.0
342,HVL,P,18.0,6.0,1.0,6.0,0.3333333333333333,0.16666666666666666,0.16666666666666666,6.0,4.0,0.6666666666666666,1384.0,1389.0,1422.6666666666667,1118.0,6.0,HVL_P,1384.0,1389.0,1422.6666666666667,6.0
342,LVH,A,18.0,6.0,0.0,6.0,0.3333333333333333,0.0,0.3333333333333333,6.0,5.0,0.8333333333333334,1283.8333333333333,1249.5,509.5,476.0,6.0,LVH_A,1283.8333333333333,1249.5,509.5,6.0
342,LVH,P,18.0,6.0,1.0,6.0,0.3333333333333333,0.16666666666666666,0.16666666666666666,6.0,5.0,0.8333333333333334,1435.3333333333333,1338.0,451.0,406.0,6.0,LVH_P,1435.3333333333333,1338.0,451.0,6.0
342,LVL,A,18.0,6.0,0.0,6.0,0.3333333333333333,0.0,0.3333333333333333,6.0,4.0,0.6666666666666666,1411.1666666666667,1236.0,488.8333333333333,477.5,6.0,LVL_A,1411.1666666666667,1236.0,488.8333333333333,6.0
342,LVL,P,18.0,6.0,0.0,6.0,0.3333333333333333,0.0,0.3333333333333333,6.0,5.0,0.8333333333333334,1566.8333333333333,1453.5,1172.0,512.0,6.0,LVL_P,1566.8333333333333,1453.5,1172.0,6.0
343,HVL,A,10.0,2.0,0.0,6.0,0.2,0.0,0.2,2.0,2.0,1.0,784.5,784.5,146.5,146.5,2.0,HVL_A,784.5,784.5,146.5,2.0
343,HVL,P,16.0,5.0,1.0,6.0,0.3125,0.16666666666666666,0.14583333333333334,5.0,3.0,0.6,1366.6,1160.0,218.0,224.0,5.0,HVL_P,1366.6,1160.0,218.0,5.0
343,LVH,A,14.0,4.0,1.0,6.0,0.2857142857142857,0.16666666666666666,0.11904761904761904,4.0,2.0,0.5,920.5,913.5,99.25,92.5,4.0,LVH_A,920.5,913.5,99.25,4.0
343,LVH,P,14.0,4.0,0.0,6.0,0.2857142857142857,0.0,0.2857142857142857,4.0,1.0,0.25,1690.5,1739.5,121.5,121.5,4.0,LVH_P,1690.5,1739.5,121.5,4.0
343,LVL,A,12.0,3.0,0.0,6.0,0.25,0.0,0.25,3.0,1.0,0.3333333333333333,1423.6666666666667,1276.0,129.33333333333334,98.0,3.0,LVL_A,1423.6666666666667,1276.0,129.33333333333334,3.0
343,LVL,P,16.0,5.0,1.0,6.0,0.3125,0.16666666666666666,0.14583333333333334,5.0,3.0,0.6,1972.2,1575.0,573.6,272.0,5.0,LVL_P,1972.2,1575.0,573.6,5.0
344,HVL,A,16.0,5.0,1.0,6.0,0.3125,0.16666666666666666,0.14583333333333334,5.0,5.0,1.0,1781.0,1837.0,971.2,672.0,5.0,HVL_A,1781.0,1837.0,971.2,5.0
344,HVL,P,18.0,6.0,1.0,6.0,0.3333333333333333,0.16666666666666666,0.16666666666666666,6.0,5.0,0.8333333333333334,2126.3333333333335,2134.5,2348.1666666666665,2238.0,6.0,HVL_P,2126.3333333333335,2134.5,2348.1666666666665,6.0
344,LVH,A,16.0,5.0,0.0,6.0,0.3125,0.0,0.3125,5.0,5.0,1.0,1659.2,1788.0,499.6,328.0,5.0,LVH_A,1659.2,1788.0,499.6,5.0
344,LVH,P,18.0,6.0,0.0,6.0,0.3333333333333333,0.0,0.3333333333333333,6.0,5.0,0.8333333333333334,1875.1666666666667,1662.5,1350.5,1222.0,6.0,LVH_P,1875.1666666666667,1662.5,1350.5,6.0
344,LVL,A,18.0,6.0,0.0,6.0,0.3333333333333333,0.0,0.3333333333333333,6.0,6.0,1.0,1976.5,1915.5,1722.6666666666667,1652.5,6.0,LVL_A,1976.5,1915.5,1722.6666666666667,6.0
344,LVL,P,18.0,6.0,0.0,6.0,0.3333333333333333,0.0,0.3333333333333333,6.0,4.0,0.6666666666666666,1735.1666666666667,1598.5,1546.6666666666667,1025.5,6.0,LVL_P,1735.1666666666667,1598.5,1546.6666666666667,6.0
346,HVL,A,12.0,4.0,1.0,4.0,0.3333333333333333,0.25,0.08333333333333331,4.0,2.0,0.5,1318.75,1211.5,1290.0,1004.0,4.0,HVL_A,1318.75,1211.5,1290.0,4.0
346,HVL,P,12.0,4.0,0.0,4.0,0.3333333333333333,0.0,0.3333333333333333,4.0,3.0,0.75,1971.75,2080.5,542.0,463.5,4.0,HVL_P,1971.75,2080.5,542.0,4.0
346,LVH,A,12.0,4.0,0.0,4.0,0.3333333333333333,0.0,0.3333333333333333,4.0,3.0,0.75,1690.75,1712.5,4380.0,824.0,4.0,LVH_A,1690.75,1712.5,4380.0,4.0
346,LVH,P,12.0,4.0,0.0,4.0,0.3333333333333333,0.0,0.3333333333333333,4.0,3.0,0.75,1334.25,1321.5,1244.0,1052.5,4.0,LVH_P,1334.25,1321.5,1244.0,4.0
346,LVL,A,10.0,3.0,0.0,4.0,0.3,0.0,0.3,3.0,1.0,0.3333333333333333,2031.0,1899.0,1715.0,1608.0,3.0,LVL_A,2031.0,1899.0,1715.0,3.0
346,LVL,P,12.0,4.0,0.0,4.0,0.3333333333333333,0.0,0.3333333333333333,4.0,1.0,0.25,1704.75,1737.0,330.0,320.5,4.0,LVL_P,1704.75,1737.0,330.0,4.0
350,HVL,A,16.0,5.0,1.0,6.0,0.3125,0.16666666666666666,0.14583333333333334,5.0,5.0,1.0,1589.2,1452.0,1465.2,1488.0,5.0,HVL_A,1589.2,1452.0,1465.2,5.0
350,HVL,P,18.0,6.0,0.0,6.0,0.3333333333333333,0.0,0.3333333333333333,6.0,5.0,0.8333333333333334,2082.8333333333335,1948.0,1268.3333333333333,1175.0,6.0,HVL_P,2082.8333333333335,1948.0,1268.3333333333333,6.0
350,LVH,A,16.0,5.0,0.0,6.0,0.3125,0.0,0.3125,5.0,4.0,0.8,1651.0,1664.0,524.4,343.0,5.0,LVH_A,1651.0,1664.0,524.4,5.0
350,LVH,P,16.0,5.0,0.0,6.0,0.3125,0.0,0.3125,5.0,5.0,1.0,1736.4,1410.0,955.0,952.0,5.0,LVH_P,1736.4,1410.0,955.0,5.0
350,LVL,A,14.0,4.0,0.0,6.0,0.2857142857142857,0.0,0.2857142857142857,4.0,3.0,0.75,2120.25,2250.0,2580.5,2064.5,4.0,LVL_A,2120.25,2250.0,2580.5,4.0
350,LVL,P,16.0,5.0,0.0,6.0,0.3125,0.0,0.3125,5.0,4.0,0.8,1858.2,1623.0,1734.6,1402.0,5.0,LVL_P,1858.2,1623.0,1734.6,5.0
351,HVL,A,18.0,6.0,1.0,6.0,0.3333333333333333,0.16666666666666666,0.16666666666666666,6.0,4.0,0.6666666666666666,1934.1666666666667,1988.0,1407.0,1138.5,6.0,HVL_A,1934.1666666666667,1988.0,1407.0,6.0
351,HVL,P,18.0,6.0,0.0,6.0,0.3333333333333333,0.0,0.3333333333333333,6.0,4.0,0.6666666666666666,1798.3333333333333,1758.5,1993.5,841.0,6.0,HVL_P,1798.3333333333333,1758.5,1993.5,6.0
351,LVH,A,18.0,6.0,1.0,6.0,0.3333333333333333,0.16666666666666666,0.16666666666666666,6.0,4.0,0.6666666666666666,1498.6666666666667,1472.5,781.6666666666666,808.0,6.0,LVH_A,1498.6666666666667,1472.5,781.6666666666666,6.0
351,LVH,P,18.0,6.0,0.0,6.0,0.3333333333333333,0.0,0.3333333333333333,6.0,6.0,1.0,1749.0,1735.0,948.5,785.0,6.0,LVH_P,1749.0,1735.0,948.5,6.0
351,LVL,A,18.0,6.0,0.0,6.0,0.3333333333333333,0.0,0.3333333333333333,6.0,3.0,0.5,1606.8333333333333,1477.0,1011.6666666666666,654.0,6.0,LVL_A,1606.8333333333333,1477.0,1011.6666666666666,6.0
351,LVL,P,16.0,5.0,0.0,6.0,0.3125,0.0,0.3125,5.0,3.0,0.6,1514.0,1428.0,733.8,643.0,5.0,LVL_P,1514.0,1428.0,733.8,5.0
354,HVL,A,18.0,6.0,0.0,6.0,0.3333333333333333,0.0,0.3333333333333333,6.0,5.0,0.8333333333333334,1201.8333333333333,1288.5,231.66666666666666,226.0,6.0,HVL_A,1201.8333333333333,1288.5,231.66666666666666,6.0
354,HVL,P,18.0,6.0,0.0,6.0,0.3333333333333333,0.0,0.3333333333333333,6.0,5.0,0.8333333333333334,1253.1666666666667,1096.0,780.1666666666666,347.5,6.0,HVL_P,1253.1666666666667,1096.0,780.1666666666666,6.0
354,LVH,A,14.0,4.0,0.0,6.0,0.2857142857142857,0.0,0.2857142857142857,4.0,2.0,0.5,1968.75,1776.0,180.5,172.0,4.0,LVH_A,1968.75,1776.0,180.5,4.0
354,LVH,P,14.0,4.0,0.0,6.0,0.2857142857142857,0.0,0.2857142857142857,4.0,2.0,0.5,1098.0,1092.5,262.75,189.5,4.0,LVH_P,1098.0,1092.5,262.75,4.0
354,LVL,A,14.0,4.0,0.0,6.0,0.2857142857142857,0.0,0.2857142857142857,4.0,2.0,0.5,1657.75,1715.5,735.75,670.0,4.0,LVL_A,1657.75,1715.5,735.75,4.0
354,LVL,P,16.0,5.0,0.0,6.0,0.3125,0.0,0.3125,5.0,4.0,0.8,1421.0,1444.0,236.8,202.0,5.0,LVL_P,1421.0,1444.0,236.8,5.0
355,HVL,A,18.0,6.0,0.0,6.0,0.3333333333333333,0.0,0.3333333333333333,6.0,6.0,1.0,1658.8333333333333,1770.5,978.8333333333334,975.0,6.0,HVL_A,1658.8333333333333,1770.5,978.8333333333334,6.0
355,HVL,P,18.0,6.0,1.0,6.0,0.3333333333333333,0.16666666666666666,0.16666666666666666,6.0,4.0,0.6666666666666666,1788.6666666666667,1655.5,1079.6666666666667,898.5,6.0,HVL_P,1788.6666666666667,1655.5,1079.6666666666667,6.0
355,LVH,A,16.0,5.0,0.0,6.0,0.3125,0.0,0.3125,5.0,5.0,1.0,2350.0,2206.0,818.6,641.0,5.0,LVH_A,2350.0,2206.0,818.6,5.0
355,LVH,P,16.0,5.0,0.0,6.0,0.3125,0.0,0.3125,5.0,5.0,1.0,1472.2,1583.0,627.4,413.0,5.0,LVH_P,1472.2,1583.0,627.4,5.0
355,LVL,A,18.0,6.0,0.0,6.0,0.3333333333333333,0.0,0.3333333333333333,6.0,4.0,0.6666666666666666,1619.1666666666667,1748.5,668.0,487.5,6.0,LVL_A,1619.1666666666667,1748.5,668.0,6.0
355,LVL,P,18.0,6.0,0.0,6.0,0.3333333333333333,0.0,0.3333333333333333,6.0,6.0,1.0,1416.8333333333333,1466.0,725.0,570.5,6.0,LVL_P,1416.8333333333333,1466.0,725.0,6.0
356,HVL,A,18.0,6.0,1.0,6.0,0.3333333333333333,0.16666666666666666,0.16666666666666666,6.0,3.0,0.5,1339.0,1244.0,610.1666666666666,682.0,6.0,HVL_A,1339.0,1244.0,610.1666666666666,6.0
356,HVL,P,18.0,6.0,0.0,6.0,0.3333333333333333,0.0,0.3333333333333333,6.0,2.0,0.3333333333333333,1666.8333333333333,1519.5,596.6666666666666,640.0,6.0,HVL_P,1666.8333333333333,1519.5,596.6666666666666,6.0
356,LVH,A,16.0,5.0,0.0,6.0,0.3125,0.0,0.3125,5.0,2.0,0.4,1650.6,1469.0,984.8,1083.0,5.0,LVH_A,1650.6,1469.0,984.8,5.0
356,LVH,P,16.0,5.0,0.0,6.0,0.3125,0.0,0.3125,5.0,4.0,0.8,1365.2,1503.0,1295.2,609.0,5.0,LVH_P,1365.2,1503.0,1295.2,5.0
356,LVL,A,16.0,5.0,0.0,6.0,0.3125,0.0,0.3125,5.0,4.0,0.8,1540.6,1646.0,681.0,772.0,5.0,LVL_A,1540.6,1646.0,681.0,5.0
356,LVL,P,18.0,6.0,0.0,6.0,0.3333333333333333,0.0,0.3333333333333333,6.0,4.0,0.6666666666666666,2266.0,2317.0,613.1666666666666,691.5,6.0,LVL_P,2266.0,2317.0,613.1666666666666,6.0
361,HVL,A,18.0,6.0,1.0,6.0,0.3333333333333333,0.16666666666666666,0.16666666666666666,6.0,6.0,1.0,1524.0,1528.5,335.0,280.5,6.0,HVL_A,1524.0,1528.5,335.0,6.0
361,HVL,P,16.0,5.0,0.0,6.0,0.3125,0.0,0.3125,5.0,3.0,0.6,2297.8,2147.0,610.8,306.0,5.0,HVL_P,2297.8,2147.0,610.8,5.0
361,LVH,A,18.0,6.0,1.0,6.0,0.3333333333333333,0.16666666666666666,0.16666666666666666,6.0,5.0,0.8333333333333334,1905.0,1752.0,1648.3333333333333,539.5,6.0,LVH_A,1905.0,1752.0,1648.3333333333333,6.0
361,LVH,P,18.0,6.0,0.0,6.0,0.3333333333333333,0.0,0.3333333333333333,6.0,5.0,0.8333333333333334,2340.8333333333335,2329.5,1492.6666666666667,1600.0,6.0,LVH_P,2340.8333333333335,2329.5,1492.6666666666667,6.0
361,LVL,A,18.0,6.0,0.0,6.0,0.3333333333333333,0.0,0.3333333333333333,6.0,6.0,1.0,2001.0,1967.0,648.1666666666666,556.0,6.0,LVL_A,2001.0,1967.0,648.1666666666666,6.0
361,LVL,P,18.0,6.0,1.0,6.0,0.3333333333333333,0.16666666666666666,0.16666666666666666,6.0,5.0,0.8333333333333334,2118.6666666666665,2292.5,424.6666666666667,331.5,6.0,LVL_P,2118.6666666666665,2292.5,424.6666666666667,6.0
362,HVL,A,12.0,3.0,1.0,6.0,0.25,0.16666666666666666,0.08333333333333334,3.0,0.0,0.0,1958.6666666666667,1842.0,1138.0,891.0,3.0,HVL_A,1958.6666666666667,1842.0,1138.0,3.0
362,HVL,P,18.0,6.0,0.0,6.0,0.3333333333333333,0.0,0.3333333333333333,6.0,5.0,0.8333333333333334,1654.6666666666667,1605.0,954.3333333333334,673.0,6.0,HVL_P,1654.6666666666667,1605.0,954.3333333333334,6.0
362,LVH,A,16.0,5.0,0.0,6.0,0.3125,0.0,0.3125,5.0,4.0,0.8,1816.0,1939.0,802.4,679.0,5.0,LVH_A,1816.0,1939.0,802.4,5.0
362,LVH,P,12.0,3.0,0.0,6.0,0.25,0.0,0.25,3.0,1.0,0.3333333333333333,1526.3333333333333,1439.0,700.6666666666666,504.0,3.0,LVH_P,1526.3333333333333,1439.0,700.6666666666666,3.0
362,LVL,A,14.0,4.0,0.0,6.0,0.2857142857142857,0.0,0.2857142857142857,4.0,2.0,0.5,1775.0,1900.0,1199.75,982.5,4.0,LVL_A,1775.0,1900.0,1199.75,4.0
362,LVL,P,14.0,4.0,0.0,6.0,0.2857142857142857,0.0,0.2857142857142857,4.0,2.0,0.5,2300.25,2274.5,825.0,900.0,4.0,LVL_P,2300.25,2274.5,825.0,4.0
363,HVL,A,18.0,6.0,0.0,6.0,0.3333333333333333,0.0,0.3333333333333333,6.0,2.0,0.3333333333333333,1308.6666666666667,1267.0,664.8333333333334,579.5,6.0,HVL_A,1308.6666666666667,1267.0,664.8333333333334,6.0
363,HVL,P,18.0,6.0,0.0,6.0,0.3333333333333333,0.0,0.3333333333333333,6.0,3.0,0.5,1434.6666666666667,1378.5,665.1666666666666,419.0,6.0,HVL_P,1434.6666666666667,1378.5,665.1666666666666,6.0
363,LVH,A,16.0,5.0,0.0,6.0,0.3125,0.0,0.3125,5.0,5.0,1.0,1347.6,1415.0,439.4,213.0,5.0,LVH_A,1347.6,1415.0,439.4,5.0
363,LVH,P,14.0,4.0,0.0,6.0,0.2857142857142857,0.0,0.2857142857142857,4.0,3.0,0.75,1742.75,1597.0,1482.25,1004.0,4.0,LVH_P,1742.75,1597.0,1482.25,4.0
363,LVL,A,14.0,4.0,0.0,6.0,0.2857142857142857,0.0,0.2857142857142857,4.0,2.0,0.5,1479.5,1508.0,234.5,246.0,4.0,LVL_A,1479.5,1508.0,234.5,4.0
363,LVL,P,16.0,5.0,0.0,6.0,0.3125,0.0,0.3125,5.0,4.0,0.8,1655.2,1444.0,530.4,551.0,5.0,LVL_P,1655.2,1444.0,530.4,5.0
364,HVL,A,16.0,5.0,1.0,6.0,0.3125,0.16666666666666666,0.14583333333333334,5.0,4.0,0.8,1769.2,1365.0,765.8,792.0,5.0,HVL_A,1769.2,1365.0,765.8,5.0
364,HVL,P,16.0,5.0,0.0,6.0,0.3125,0.0,0.3125,5.0,4.0,0.8,1488.2,1411.0,691.6,696.0,5.0,HVL_P,1488.2,1411.0,691.6,5.0
364,LVH,A,16.0,5.0,1.0,6.0,0.3125,0.16666666666666666,0.14583333333333334,5.0,4.0,0.8,1636.4,1254.0,901.2,679.0,5.0,LVH_A,1636.4,1254.0,901.2,5.0
364,LVH,P,16.0,5.0,0.0,6.0,0.3125,0.0,0.3125,5.0,3.0,0.6,1534.0,1330.0,525.4,618.0,5.0,LVH_P,1534.0,1330.0,525.4,5.0
364,LVL,A,14.0,4.0,0.0,6.0,0.2857142857142857,0.0,0.2857142857142857,4.0,4.0,1.0,1352.5,1185.5,454.5,508.0,4.0,LVL_A,1352.5,1185.5,454.5,4.0
364,LVL,P,10.0,2.0,0.0,6.0,0.2,0.0,0.2,2.0,1.0,0.5,1352.5,1352.5,896.0,896.0,2.0,LVL_P,1352.5,1352.5,896.0,2.0
366,HVL,A,18.0,6.0,1.0,6.0,0.3333333333333333,0.16666666666666666,0.16666666666666666,6.0,5.0,0.8333333333333334,1670.6666666666667,1710.5,516.8333333333334,403.0,6.0,HVL_A,1670.6666666666667,1710.5,516.8333333333334,6.0
366,HVL,P,16.0,5.0,0.0,6.0,0.3125,0.0,0.3125,5.0,5.0,1.0,2247.4,2212.0,878.2,288.0,5.0,HVL_P,2247.4,2212.0,878.2,5.0
366,LVH,A,16.0,5.0,0.0,6.0,0.3125,0.0,0.3125,5.0,3.0,0.6,2158.0,2248.0,773.8,764.0,5.0,LVH_A,2158.0,2248.0,773.8,5.0
366,LVH,P,18.0,6.0,1.0,6.0,0.3333333333333333,0.16666666666666666,0.16666666666666666,6.0,5.0,0.8333333333333334,2170.6666666666665,2284.0,447.0,295.5,6.0,LVH_P,2170.6666666666665,2284.0,447.0,6.0
366,LVL,A,18.0,6.0,1.0,6.0,0.3333333333333333,0.16666666666666666,0.16666666666666666,6.0,6.0,1.0,2413.8333333333335,2486.5,971.3333333333334,682.0,6.0,LVL_A,2413.8333333333335,2486.5,971.3333333333334,6.0
366,LVL,P,18.0,6.0,0.0,6.0,0.3333333333333333,0.0,0.3333333333333333,6.0,5.0,0.8333333333333334,2583.6666666666665,2561.5,1278.3333333333333,1040.0,6.0,LVL_P,2583.6666666666665,2561.5,1278.3333333333333,6.0
367,HVL,A,12.0,4.0,2.0,4.0,0.3333333333333333,0.5,-0.16666666666666669,4.0,4.0,1.0,1308.5,1365.0,688.25,527.5,4.0,HVL_A,1308.5,1365.0,688.25,4.0
367,HVL,P,12.0,4.0,1.0,4.0,0.3333333333333333,0.25,0.08333333333333331,4.0,2.0,0.5,1112.25,940.0,578.25,330.0,4.0,HVL_P,1112.25,940.0,578.25,4.0
367,LVH,A,12.0,4.0,0.0,4.0,0.3333333333333333,0.0,0.3333333333333333,4.0,2.0,0.5,1405.25,1414.5,1383.75,903.0,4.0,LVH_A,1405.25,1414.5,1383.75,4.0
367,LVH,P,12.0,4.0,0.0,4.0,0.3333333333333333,0.0,0.3333333333333333,4.0,3.0,0.75,1293.75,1216.0,1292.0,1270.0,4.0,LVH_P,1293.75,1216.0,1292.0,4.0
367,LVL,A,12.0,4.0,0.0,4.0,0.3333333333333333,0.0,0.3333333333333333,4.0,3.0,0.75,1727.5,1586.5,1113.0,1012.0,4.0,LVL_A,1727.5,1586.5,1113.0,4.0
367,LVL,P,12.0,4.0,1.0,4.0,0.3333333333333333,0.25,0.08333333333333331,4.0,4.0,1.0,1699.25,1375.5,1413.25,1272.5,4.0,LVL_P,1699.25,1375.5,1413.25,4.0
368,HVL,A,14.0,4.0,0.0,6.0,0.2857142857142857,0.0,0.2857142857142857,4.0,3.0,0.75,1356.75,1262.0,666.5,662.5,4.0,HVL_A,1356.75,1262.0,666.5,4.0
368,HVL,P,14.0,4.0,0.0,6.0,0.2857142857142857,0.0,0.2857142857142857,4.0,4.0,1.0,1514.5,1336.5,234.25,207.5,4.0,HVL_P,1514.5,1336.5,234.25,4.0
368,LVH,A,18.0,6.0,0.0,6.0,0.3333333333333333,0.0,0.3333333333333333,6.0,6.0,1.0,1527.5,1291.0,214.5,214.0,6.0,LVH_A,1527.5,1291.0,214.5,6.0
368,LVH,P,16.0,5.0,1.0,6.0,0.3125,0.16666666666666666,0.14583333333333334,5.0,4.0,0.8,1352.6,1465.0,215.4,184.0,5.0,LVH_P,1352.6,1465.0,215.4,5.0
368,LVL,A,16.0,5.0,0.0,6.0,0.3125,0.0,0.3125,5.0,2.0,0.4,1565.2,1430.0,204.2,183.0,5.0,LVL_A,1565.2,1430.0,204.2,5.0
368,LVL,P,12.0,3.0,0.0,6.0,0.25,0.0,0.25,3.0,3.0,1.0,954.3333333333334,947.0,391.6666666666667,174.0,3.0,LVL_P,954.3333333333334,947.0,391.6666666666667,3.0
369,HVL,A,14.0,4.0,1.0,6.0,0.2857142857142857,0.16666666666666666,0.11904761904761904,4.0,1.0,0.25,1244.25,1112.5,2126.25,2052.5,4.0,HVL_A,1244.25,1112.5,2126.25,4.0
369,HVL,P,16.0,5.0,0.0,6.0,0.3125,0.0,0.3125,5.0,3.0,0.6,1785.6,1356.0,1363.6,1249.0,5.0,HVL_P,1785.6,1356.0,1363.6,5.0
369,LVH,A,14.0,4.0,1.0,6.0,0.2857142857142857,0.16666666666666666,0.11904761904761904,4.0,3.0,0.75,1629.75,1503.0,1741.5,1683.0,4.0,LVH_A,1629.75,1503.0,1741.5,4.0
369,LVH,P,14.0,4.0,0.0,6.0,0.2857142857142857,0.0,0.2857142857142857,4.0,3.0,0.75,1614.75,1753.0,1388.75,1288.5,4.0,LVH_P,1614.75,1753.0,1388.75,4.0
369,LVL,A,14.0,4.0,0.0,6.0,0.2857142857142857,0.0,0.2857142857142857,4.0,2.0,0.5,1467.5,1387.5,2261.75,1913.5,4.0,LVL_A,1467.5,1387.5,2261.75,4.0
369,LVL,P,16.0,5.0,1.0,6.0,0.3125,0.16666666666666666,0.14583333333333334,5.0,1.0,0.2,2206.2,1979.0,1388.2,1351.0,5.0,LVL_P,2206.2,1979.0,1388.2,5.0
370,HVL,A,14.0,4.0,1.0,6.0,0.2857142857142857,0.16666666666666666,0.11904761904761904,4.0,2.0,0.5,1472.0,1401.5,377.25,296.0,4.0,HVL_A,1472.0,1401.5,377.25,4.0
370,HVL,P,14.0,4.0,1.0,6.0,0.2857142857142857,0.16666666666666666,0.11904761904761904,4.0,4.0,1.0,1567.5,1566.0,513.0,389.5,4.0,HVL_P,1567.5,1566.0,513.0,4.0
370,LVH,A,18.0,6.0,0.0,6.0,0.3333333333333333,0.0,0.3333333333333333,6.0,5.0,0.8333333333333334,1621.6666666666667,1532.0,350.1666666666667,336.0,6.0,LVH_A,1621.6666666666667,1532.0,350.1666666666667,6.0
370,LVH,P,16.0,5.0,0.0,6.0,0.3125,0.0,0.3125,5.0,4.0,0.8,1535.4,1319.0,207.4,163.0,5.0,LVH_P,1535.4,1319.0,207.4,5.0
370,LVL,A,10.0,2.0,0.0,6.0,0.2,0.0,0.2,2.0,1.0,0.5,2563.0,2563.0,934.0,934.0,2.0,LVL_A,2563.0,2563.0,934.0,2.0
370,LVL,P,14.0,4.0,0.0,6.0,0.2857142857142857,0.0,0.2857142857142857,4.0,2.0,0.5,1333.25,1289.0,844.5,156.0,4.0,LVL_P,1333.25,1289.0,844.5,4.0
371,HVL,A,12.0,3.0,1.0,6.0,0.25,0.16666666666666666,0.08333333333333334,3.0,0.0,0.0,2184.0,1810.0,4181.0,4513.0,3.0,HVL_A,2184.0,1810.0,4181.0,3.0
371,HVL,P,14.0,4.0,1.0,6.0,0.2857142857142857,0.16666666666666666,0.11904761904761904,4.0,2.0,0.5,2559.5,2461.0,3306.25,2787.5,4.0,HVL_P,2559.5,2461.0,3306.25,4.0
371,LVH,A,10.0,2.0,0.0,6.0,0.2,0.0,0.2,2.0,2.0,1.0,1882.0,1882.0,770.5,770.5,2.0,LVH_A,1882.0,1882.0,770.5,2.0
371,LVH,P,6.0,0.0,0.0,6.0,0.0,0.0,0.0,0.0,0.0,,,,,,0.0,LVH_P,,,,0.0
371,LVL,A,12.0,3.0,0.0,6.0,0.25,0.0,0.25,3.0,2.0,0.6666666666666666,1850.0,1927.0,1428.0,1182.0,3.0,LVL_A,1850.0,1927.0,1428.0,3.0
371,LVL,P,12.0,3.0,0.0,6.0,0.25,0.0,0.25,3.0,3.0,1.0,2284.6666666666665,2344.0,1461.0,1680.0,3.0,LVL_P,2284.6666666666665,2344.0,1461.0,3.0
372,HVL,A,18.0,6.0,0.0,6.0,0.3333333333333333,0.0,0.3333333333333333,6.0,5.0,0.8333333333333334,1429.0,1127.5,850.3333333333334,642.0,6.0,HVL_A,1429.0,1127.5,850.3333333333334,6.0
372,HVL,P,16.0,5.0,0.0,6.0,0.3125,0.0,0.3125,5.0,4.0,0.8,1232.4,1314.0,556.0,479.0,5.0,HVL_P,1232.4,1314.0,556.0,5.0
372,LVH,A,18.0,6.0,0.0,6.0,0.3333333333333333,0.0,0.3333333333333333,6.0,6.0,1.0,1301.8333333333333,977.0,800.3333333333334,664.5,6.0,LVH_A,1301.8333333333333,977.0,800.3333333333334,6.0
372,LVH,P,14.0,4.0,0.0,6.0,0.2857142857142857,0.0,0.2857142857142857,4.0,3.0,0.75,1598.25,1704.5,442.25,438.0,4.0,LVH_P,1598.25,1704.5,442.25,4.0
372,LVL,A,14.0,4.0,0.0,6.0,0.2857142857142857,0.0,0.2857142857142857,4.0,3.0,0.75,1048.25,1046.0,2588.5,1487.5,4.0,LVL_A,1048.25,1046.0,2588.5,4.0
372,LVL,P,10.0,2.0,1.0,6.0,0.2,0.16666666666666666,0.033333333333333354,2.0,2.0,1.0,854.0,854.0,431.5,431.5,2.0,LVL_P,854.0,854.0,431.5,2.0
373,HVL,A,10.0,3.0,1.0,4.0,0.3,0.25,0.04999999999999999,3.0,3.0,1.0,2561.6666666666665,2369.0,712.6666666666666,319.0,3.0,HVL_A,2561.6666666666665,2369.0,712.6666666666666,3.0
373,HVL,P,10.0,3.0,0.0,4.0,0.3,0.0,0.3,3.0,2.0,0.6666666666666666,1577.3333333333333,1714.0,3563.6666666666665,5061.0,3.0,HVL_P,1577.3333333333333,1714.0,3563.6666666666665,3.0
373,LVH,A,8.0,2.0,0.0,4.0,0.25,0.0,0.25,2.0,1.0,0.5,1239.0,1239.0,307.5,307.5,2.0,LVH_A,1239.0,1239.0,307.5,2.0
373,LVH,P,10.0,3.0,0.0,4.0,0.3,0.0,0.3,3.0,2.0,0.6666666666666666,1527.0,1553.0,483.0,384.0,3.0,LVH_P,1527.0,1553.0,483.0,3.0
373,LVL,A,10.0,3.0,0.0,4.0,0.3,0.0,0.3,3.0,2.0,0.6666666666666666,1158.0,1029.0,1192.6666666666667,1084.0,3.0,LVL_A,1158.0,1029.0,1192.6666666666667,3.0
373,LVL,P,12.0,4.0,2.0,4.0,0.3333333333333333,0.5,-0.16666666666666669,4.0,3.0,0.75,1834.5,1685.0,249.75,237.0,4.0,LVL_P,1834.5,1685.0,249.75,4.0
374,HVL,A,12.0,3.0,0.0,6.0,0.25,0.0,0.25,3.0,3.0,1.0,2605.0,2767.0,505.0,706.0,3.0,HVL_A,2605.0,2767.0,505.0,3.0
374,HVL,P,12.0,3.0,0.0,6.0,0.25,0.0,0.25,3.0,2.0,0.6666666666666666,2106.3333333333335,2496.0,847.3333333333334,656.0,3.0,HVL_P,2106.3333333333335,2496.0,847.3333333333334,3.0
374,LVH,A,14.0,4.0,0.0,6.0,0.2857142857142857,0.0,0.2857142857142857,4.0,2.0,0.5,1696.5,1315.5,347.0,238.0,4.0,LVH_A,1696.5,1315.5,347.0,4.0
374,LVH,P,16.0,5.0,1.0,6.0,0.3125,0.16666666666666666,0.14583333333333334,5.0,4.0,0.8,1594.0,1446.0,344.0,196.0,5.0,LVH_P,1594.0,1446.0,344.0,5.0
374,LVL,A,12.0,3.0,0.0,6.0,0.25,0.0,0.25,3.0,3.0,1.0,1339.0,1421.0,379.6666666666667,239.0,3.0,LVL_A,1339.0,1421.0,379.6666666666667,3.0
374,LVL,P,14.0,4.0,0.0,6.0,0.2857142857142857,0.0,0.2857142857142857,4.0,3.0,0.75,1404.5,1275.5,933.5,811.0,4.0,LVL_P,1404.5,1275.5,933.5,4.0
375,HVL,A,18.0,6.0,0.0,6.0,0.3333333333333333,0.0,0.3333333333333333,6.0,4.0,0.6666666666666666,1693.8333333333333,1669.0,2421.5,1359.5,6.0,HVL_A,1693.8333333333333,1669.0,2421.5,6.0
375,HVL,P,16.0,5.0,0.0,6.0,0.3125,0.0,0.3125,5.0,3.0,0.6,1703.0,1712.0,3919.8,2684.0,5.0,HVL_P,1703.0,1712.0,3919.8,5.0
375,LVH,A,16.0,5.0,0.0,6.0,0.3125,0.0,0.3125,5.0,5.0,1.0,1598.2,1849.0,2470.6,1510.0,5.0,LVH_A,1598.2,1849.0,2470.6,5.0
375,LVH,P,16.0,5.0,0.0,6.0,0.3125,0.0,0.3125,5.0,5.0,1.0,1902.0,1698.0,2271.0,2471.0,5.0,LVH_P,1902.0,1698.0,2271.0,5.0
375,LVL,A,18.0,6.0,0.0,6.0,0.3333333333333333,0.0,0.3333333333333333,6.0,4.0,0.6666666666666666,1617.0,1580.5,3981.1666666666665,3584.5,6.0,LVL_A,1617.0,1580.5,3981.1666666666665,6.0
375,LVL,P,12.0,3.0,0.0,6.0,0.25,0.0,0.25,3.0,1.0,0.3333333333333333,2388.3333333333335,2406.0,2007.0,1695.0,3.0,LVL_P,2388.3333333333335,2406.0,2007.0,3.0
377,HVL,A,16.0,5.0,1.0,6.0,0.3125,0.16666666666666666,0.14583333333333334,5.0,5.0,1.0,1685.4,1737.0,887.6,878.0,5.0,HVL_A,1685.4,1737.0,887.6,5.0
377,HVL,P,18.0,6.0,1.0,6.0,0.3333333333333333,0.16666666666666666,0.16666666666666666,6.0,3.0,0.5,1993.6666666666667,1803.5,1234.1666666666667,813.0,6.0,HVL_P,1993.6666666666667,1803.5,1234.1666666666667,6.0
377,LVH,A,12.0,3.0,0.0,6.0,0.25,0.0,0.25,3.0,2.0,0.6666666666666666,2239.6666666666665,1884.0,316.0,347.0,3.0,LVH_A,2239.6666666666665,1884.0,316.0,3.0
377,LVH,P,18.0,6.0,0.0,6.0,0.3333333333333333,0.0,0.3333333333333333,6.0,4.0,0.6666666666666666,1686.5,1640.5,1684.3333333333333,1262.0,6.0,LVH_P,1686.5,1640.5,1684.3333333333333,6.0
377,LVL,A,16.0,5.0,0.0,6.0,0.3125,0.0,0.3125,5.0,4.0,0.8,1781.4,1703.0,696.8,674.0,5.0,LVL_A,1781.4,1703.0,696.8,5.0
377,LVL,P,14.0,4.0,2.0,6.0,0.2857142857142857,0.3333333333333333,-0.047619047619047616,4.0,3.0,0.75,2240.25,2328.5,912.75,586.5,4.0,LVL_P,2240.25,2328.5,912.75,4.0
378,HVL,A,16.0,5.0,0.0,6.0,0.3125,0.0,0.3125,5.0,4.0,0.8,1237.4,1105.0,846.0,808.0,5.0,HVL_A,1237.4,1105.0,846.0,5.0
378,HVL,P,18.0,6.0,0.0,6.0,0.3333333333333333,0.0,0.3333333333333333,6.0,3.0,0.5,1181.6666666666667,1231.5,833.3333333333334,879.5,6.0,HVL_P,1181.6666666666667,1231.5,833.3333333333334,6.0
378,LVH,A,18.0,6.0,0.0,6.0,0.3333333333333333,0.0,0.3333333333333333,6.0,3.0,0.5,1308.0,1252.5,840.0,548.0,6.0,LVH_A,1308.0,1252.5,840.0,6.0
378,LVH,P,18.0,6.0,0.0,6.0,0.3333333333333333,0.0,0.3333333333333333,6.0,6.0,1.0,1222.0,1218.0,942.5,612.0,6.0,LVH_P,1222.0,1218.0,942.5,6.0
378,LVL,A,18.0,6.0,0.0,6.0,0.3333333333333333,0.0,0.3333333333333333,6.0,4.0,0.6666666666666666,1730.1666666666667,1691.5,664.8333333333334,799.5,6.0,LVL_A,1730.1666666666667,1691.5,664.8333333333334,6.0
378,LVL,P,18.0,6.0,0.0,6.0,0.3333333333333333,0.0,0.3333333333333333,6.0,4.0,0.6666666666666666,1550.0,1377.5,875.8333333333334,720.0,6.0,LVL_P,1550.0,1377.5,875.8333333333334,6.0
379,HVL,A,14.0,4.0,0.0,6.0,0.2857142857142857,0.0,0.2857142857142857,4.0,3.0,0.75,1915.0,1875.0,466.5,472.5,4.0,HVL_A,1915.0,1875.0,466.5,4.0
379,HVL,P,14.0,4.0,0.0,6.0,0.2857142857142857,0.0,0.2857142857142857,4.0,3.0,0.75,1696.5,1629.0,1129.0,358.5,4.0,HVL_P,1696.5,1629.0,1129.0,4.0
379,LVH,A,12.0,3.0,0.0,6.0,0.25,0.0,0.25,3.0,3.0,1.0,1586.6666666666667,1614.0,749.3333333333334,468.0,3.0,LVH_A,1586.6666666666667,1614.0,749.3333333333334,3.0
379,LVH,P,14.0,4.0,0.0,6.0,0.2857142857142857,0.0,0.2857142857142857,4.0,3.0,0.75,1525.5,1422.5,702.75,360.5,4.0,LVH_P,1525.5,1422.5,702.75,4.0
379,LVL,A,8.0,1.0,0.0,6.0,0.125,0.0,0.125,1.0,1.0,1.0,1509.0,1509.0,226.0,226.0,1.0,LVL_A,1509.0,1509.0,226.0,1.0
379,LVL,P,10.0,2.0,0.0,6.0,0.2,0.0,0.2,2.0,2.0,1.0,1853.5,1853.5,2947.5,2947.5,2.0,LVL_P,1853.5,1853.5,2947.5,2.0
380,HVL,A,16.0,5.0,0.0,6.0,0.3125,0.0,0.3125,5.0,4.0,0.8,2003.2,2170.0,558.0,385.0,5.0,HVL_A,2003.2,2170.0,558.0,5.0
380,HVL,P,16.0,5.0,1.0,6.0,0.3125,0.16666666666666666,0.14583333333333334,5.0,5.0,1.0,1849.4,1864.0,685.6,583.0,5.0,HVL_P,1849.4,1864.0,685.6,5.0
380,LVH,A,18.0,6.0,1.0,6.0,0.3333333333333333,0.16666666666666666,0.16666666666666666,6.0,6.0,1.0,1925.6666666666667,1797.0,786.5,648.0,6.0,LVH_A,1925.6666666666667,1797.0,786.5,6.0
380,LVH,P,18.0,6.0,0.0,6.0,0.3333333333333333,0.0,0.3333333333333333,6.0,5.0,0.8333333333333334,1640.0,1597.0,362.5,364.0,6.0,LVH_P,1640.0,1597.0,362.5,6.0
380,LVL,A,16.0,5.0,0.0,6.0,0.3125,0.0,0.3125,5.0,5.0,1.0,1996.4,1769.0,1011.2,392.0,5.0,LVL_A,1996.4,1769.0,1011.2,5.0
380,LVL,P,16.0,5.0,0.0,6.0,0.3125,0.0,0.3125,5.0,4.0,0.8,1809.0,1516.0,787.2,488.0,5.0,LVL_P,1809.0,1516.0,787.2,5.0
381,HVL,A,18.0,6.0,1.0,6.0,0.3333333333333333,0.16666666666666666,0.16666666666666666,6.0,4.0,0.6666666666666666,1450.8333333333333,1176.5,1178.0,1119.5,6.0,HVL_A,1450.8333333333333,1176.5,1178.0,6.0
381,HVL,P,18.0,6.0,1.0,6.0,0.3333333333333333,0.16666666666666666,0.16666666666666666,6.0,3.0,0.5,1517.6666666666667,1483.0,691.0,579.5,6.0,HVL_P,1517.6666666666667,1483.0,691.0,6.0
381,LVH,A,18.0,6.0,0.0,6.0,0.3333333333333333,0.0,0.3333333333333333,6.0,6.0,1.0,1620.3333333333333,1731.5,706.8333333333334,737.0,6.0,LVH_A,1620.3333333333333,1731.5,706.8333333333334,6.0
381,LVH,P,18.0,6.0,0.0,6.0,0.3333333333333333,0.0,0.3333333333333333,6.0,5.0,0.8333333333333334,1832.5,1798.0,1491.3333333333333,1405.0,6.0,LVH_P,1832.5,1798.0,1491.3333333333333,6.0
381,LVL,A,18.0,6.0,0.0,6.0,0.3333333333333333,0.0,0.3333333333333333,6.0,6.0,1.0,1262.6666666666667,1209.5,1681.5,1433.0,6.0,LVL_A,1262.6666666666667,1209.5,1681.5,6.0
381,LVL,P,18.0,6.0,0.0,6.0,0.3333333333333333,0.0,0.3333333333333333,6.0,5.0,0.8333333333333334,1295.3333333333333,1255.5,1336.6666666666667,1017.0,6.0,LVL_P,1295.3333333333333,1255.5,1336.6666666666667,6.0
382,HVL,A,18.0,6.0,0.0,6.0,0.3333333333333333,0.0,0.3333333333333333,6.0,5.0,0.8333333333333334,1403.8333333333333,1401.0,778.3333333333334,742.5,6.0,HVL_A,1403.8333333333333,1401.0,778.3333333333334,6.0
382,HVL,P,18.0,6.0,0.0,6.0,0.3333333333333333,0.0,0.3333333333333333,6.0,6.0,1.0,1490.1666666666667,1422.5,641.6666666666666,652.5,6.0,HVL_P,1490.1666666666667,1422.5,641.6666666666666,6.0
382,LVH,A,16.0,5.0,0.0,6.0,0.3125,0.0,0.3125,5.0,3.0,0.6,1702.0,1906.0,1257.2,762.0,5.0,LVH_A,1702.0,1906.0,1257.2,5.0
382,LVH,P,18.0,6.0,0.0,6.0,0.3333333333333333,0.0,0.3333333333333333,6.0,4.0,0.6666666666666666,1194.0,1121.5,920.5,659.5,6.0,LVH_P,1194.0,1121.5,920.5,6.0
382,LVL,A,16.0,5.0,0.0,6.0,0.3125,0.0,0.3125,5.0,4.0,0.8,1504.6,1632.0,1160.4,1052.0,5.0,LVL_A,1504.6,1632.0,1160.4,5.0
382,LVL,P,16.0,5.0,0.0,6.0,0.3125,0.0,0.3125,5.0,3.0,0.6,1527.4,1500.0,1946.8,982.0,5.0,LVL_P,1527.4,1500.0,1946.8,5.0
383,HVL,A,18.0,6.0,0.0,6.0,0.3333333333333333,0.0,0.3333333333333333,6.0,6.0,1.0,2378.5,2317.5,452.6666666666667,387.0,6.0,HVL_A,2378.5,2317.5,452.6666666666667,6.0
383,HVL,P,16.0,5.0,1.0,6.0,0.3125,0.16666666666666666,0.14583333333333334,5.0,4.0,0.8,2494.0,2644.0,300.4,314.0,5.0,HVL_P,2494.0,2644.0,300.4,5.0
383,LVH,A,16.0,5.0,0.0,6.0,0.3125,0.0,0.3125,5.0,3.0,0.6,2375.0,2075.0,431.4,489.0,5.0,LVH_A,2375.0,2075.0,431.4,5.0
383,LVH,P,16.0,5.0,1.0,6.0,0.3125,0.16666666666666666,0.14583333333333334,5.0,4.0,0.8,1983.6,2137.0,550.4,357.0,5.0,LVH_P,1983.6,2137.0,550.4,5.0
383,LVL,A,18.0,6.0,0.0,6.0,0.3333333333333333,0.0,0.3333333333333333,6.0,3.0,0.5,2053.8333333333335,2007.5,456.1666666666667,428.5,6.0,LVL_A,2053.8333333333335,2007.5,456.1666666666667,6.0
383,LVL,P,16.0,5.0,1.0,6.0,0.3125,0.16666666666666666,0.14583333333333334,5.0,2.0,0.4,2463.4,2220.0,782.8,818.0,5.0,LVL_P,2463.4,2220.0,782.8,5.0
384,HVL,A,16.0,5.0,0.0,6.0,0.3125,0.0,0.3125,5.0,3.0,0.6,2129.0,1950.0,8084.2,712.0,5.0,HVL_A,2129.0,1950.0,8084.2,5.0
384,HVL,P,16.0,5.0,0.0,6.0,0.3125,0.0,0.3125,5.0,4.0,0.8,1832.0,1515.0,1109.6,1007.0,5.0,HVL_P,1832.0,1515.0,1109.6,5.0
384,LVH,A,18.0,6.0,0.0,6.0,0.3333333333333333,0.0,0.3333333333333333,6.0,4.0,0.6666666666666666,1277.3333333333333,1239.5,679.3333333333334,578.0,6.0,LVH_A,1277.3333333333333,1239.5,679.3333333333334,6.0
384,LVH,P,18.0,6.0,0.0,6.0,0.3333333333333333,0.0,0.3333333333333333,6.0,4.0,0.6666666666666666,1844.5,1650.0,710.0,699.5,6.0,LVH_P,1844.5,1650.0,710.0,6.0
384,LVL,A,12.0,3.0,0.0,6.0,0.25,0.0,0.25,3.0,2.0,0.6666666666666666,1719.3333333333333,1618.0,1329.6666666666667,589.0,3.0,LVL_A,1719.3333333333333,1618.0,1329.6666666666667,3.0
384,LVL,P,18.0,6.0,0.0,6.0,0.3333333333333333,0.0,0.3333333333333333,6.0,5.0,0.8333333333333334,1501.3333333333333,1634.0,617.8333333333334,665.5,6.0,LVL_P,1501.3333333333333,1634.0,617.8333333333334,6.0
386,HVL,A,14.0,4.0,0.0,6.0,0.2857142857142857,0.0,0.2857142857142857,4.0,3.0,0.75,2292.75,2339.5,998.75,981.0,4.0,HVL_A,2292.75,2339.5,998.75,4.0
386,HVL,P,12.0,3.0,0.0,6.0,0.25,0.0,0.25,3.0,1.0,0.3333333333333333,1141.0,1196.0,329.3333333333333,257.0,3.0,HVL_P,1141.0,1196.0,329.3333333333333,3.0
386,LVH,A,14.0,4.0,0.0,6.0,0.2857142857142857,0.0,0.2857142857142857,4.0,2.0,0.5,1585.0,1377.0,489.25,395.0,4.0,LVH_A,1585.0,1377.0,489.25,4.0
386,LVH,P,14.0,4.0,0.0,6.0,0.2857142857142857,0.0,0.2857142857142857,4.0,4.0,1.0,1451.75,1333.0,776.5,538.0,4.0,LVH_P,1451.75,1333.0,776.5,4.0
386,LVL,A,14.0,4.0,0.0,6.0,0.2857142857142857,0.0,0.2857142857142857,4.0,4.0,1.0,1705.25,1669.5,893.75,666.0,4.0,LVL_A,1705.25,1669.5,893.75,4.0
386,LVL,P,12.0,3.0,0.0,6.0,0.25,0.0,0.25,3.0,3.0,1.0,1994.6666666666667,1195.0,351.0,307.0,3.0,LVL_P,1994.6666666666667,1195.0,351.0,3.0
390,HVL,A,14.0,4.0,0.0,6.0,0.2857142857142857,0.0,0.2857142857142857,4.0,4.0,1.0,1938.75,1907.0,710.5,550.5,4.0,HVL_A,1938.75,1907.0,710.5,4.0
390,HVL,P,12.0,3.0,0.0,6.0,0.25,0.0,0.25,3.0,2.0,0.6666666666666666,1961.3333333333333,1936.0,635.3333333333334,745.0,3.0,HVL_P,1961.3333333333333,1936.0,635.3333333333334,3.0
390,LVH,A,10.0,2.0,0.0,6.0,0.2,0.0,0.2,2.0,2.0,1.0,1999.0,1999.0,443.0,443.0,2.0,LVH_A,1999.0,1999.0,443.0,2.0
390,LVH,P,14.0,4.0,0.0,6.0,0.2857142857142857,0.0,0.2857142857142857,4.0,3.0,0.75,2100.25,1962.0,456.5,443.5,4.0,LVH_P,2100.25,1962.0,456.5,4.0
390,LVL,A,12.0,3.0,0.0,6.0,0.25,0.0,0.25,3.0,2.0,0.6666666666666666,2805.3333333333335,2533.0,603.6666666666666,602.0,3.0,LVL_A,2805.3333333333335,2533.0,603.6666666666666,3.0
390,LVL,P,12.0,3.0,0.0,6.0,0.25,0.0,0.25,3.0,1.0,0.3333333333333333,2227.6666666666665,2462.0,417.6666666666667,417.0,3.0,LVL_P,2227.6666666666665,2462.0,417.6666666666667,3.0
391,HVL,A,18.0,6.0,0.0,6.0,0.3333333333333333,0.0,0.3333333333333333,6.0,5.0,0.8333333333333334,1498.0,1546.0,787.3333333333334,539.0,6.0,HVL_A,1498.0,1546.0,787.3333333333334,6.0
391,HVL,P,14.0,4.0,0.0,6.0,0.2857142857142857,0.0,0.2857142857142857,4.0,4.0,1.0,1374.25,1253.0,1363.5,1480.0,4.0,HVL_P,1374.25,1253.0,1363.5,4.0
391,LVH,A,16.0,5.0,0.0,6.0,0.3125,0.0,0.3125,5.0,4.0,0.8,1340.6,1149.0,1116.4,871.0,5.0,LVH_A,1340.6,1149.0,1116.4,5.0
391,LVH,P,16.0,5.0,1.0,6.0,0.3125,0.16666666666666666,0.14583333333333334,5.0,3.0,0.6,1603.8,1786.0,734.4,553.0,5.0,LVH_P,1603.8,1786.0,734.4,5.0
391,LVL,A,16.0,5.0,0.0,6.0,0.3125,0.0,0.3125,5.0,4.0,0.8,1570.2,1386.0,806.0,815.0,5.0,LVL_A,1570.2,1386.0,806.0,5.0
391,LVL,P,14.0,4.0,0.0,6.0,0.2857142857142857,0.0,0.2857142857142857,4.0,4.0,1.0,1801.0,1652.5,780.0,693.0,4.0,LVL_P,1801.0,1652.5,780.0,4.0
392,HVL,A,16.0,5.0,1.0,6.0,0.3125,0.16666666666666666,0.14583333333333334,5.0,5.0,1.0,1462.4,1751.0,1146.6,1043.0,5.0,HVL_A,1462.4,1751.0,1146.6,5.0
392,HVL,P,18.0,6.0,0.0,6.0,0.3333333333333333,0.0,0.3333333333333333,6.0,5.0,0.8333333333333334,1800.5,1661.5,1396.0,1139.0,6.0,HVL_P,1800.5,1661.5,1396.0,6.0
392,LVH,A,16.0,5.0,1.0,6.0,0.3125,0.16666666666666666,0.14583333333333334,5.0,3.0,0.6,1525.2,1391.0,1078.0,1276.0,5.0,LVH_A,1525.2,1391.0,1078.0,5.0
392,LVH,P,18.0,6.0,0.0,6.0,0.3333333333333333,0.0,0.3333333333333333,6.0,4.0,0.6666666666666666,1619.0,1593.0,1327.3333333333333,503.5,6.0,LVH_P,1619.0,1593.0,1327.3333333333333,6.0
392,LVL,A,14.0,4.0,0.0,6.0,0.2857142857142857,0.0,0.2857142857142857,4.0,3.0,0.75,1582.75,1537.0,344.0,310.0,4.0,LVL_A,1582.75,1537.0,344.0,4.0
392,LVL,P,18.0,6.0,0.0,6.0,0.3333333333333333,0.0,0.3333333333333333,6.0,3.0,0.5,2024.3333333333333,1799.0,1908.8333333333333,1209.0,6.0,LVL_P,2024.3333333333333,1799.0,1908.8333333333333,6.0
395,HVL,A,18.0,6.0,0.0,6.0,0.3333333333333333,0.0,0.3333333333333333,6.0,6.0,1.0,2098.3333333333335,2195.5,384.6666666666667,299.0,6.0,HVL_A,2098.3333333333335,2195.5,384.6666666666667,6.0
395,HVL,P,16.0,5.0,0.0,6.0,0.3125,0.0,0.3125,5.0,4.0,0.8,2101.4,2008.0,781.0,438.0,5.0,HVL_P,2101.4,2008.0,781.0,5.0
395,LVH,A,16.0,5.0,0.0,6.0,0.3125,0.0,0.3125,5.0,4.0,0.8,2006.6,1959.0,830.6,636.0,5.0,LVH_A,2006.6,1959.0,830.6,5.0
395,LVH,P,18.0,6.0,0.0,6.0,0.3333333333333333,0.0,0.3333333333333333,6.0,5.0,0.8333333333333334,1611.3333333333333,1665.5,693.0,352.0,6.0,LVH_P,1611.3333333333333,1665.5,693.0,6.0
395,LVL,A,18.0,6.0,0.0,6.0,0.3333333333333333,0.0,0.3333333333333333,6.0,6.0,1.0,2039.8333333333333,1787.5,734.6666666666666,309.5,6.0,LVL_A,2039.8333333333333,1787.5,734.6666666666666,6.0
395,LVL,P,10.0,2.0,0.0,6.0,0.2,0.0,0.2,2.0,1.0,0.5,1598.5,1598.5,246.5,246.5,2.0,LVL_P,1598.5,1598.5,246.5,2.0
396,HVL,A,18.0,6.0,1.0,6.0,0.3333333333333333,0.16666666666666666,0.16666666666666666,6.0,6.0,1.0,1968.0,1963.5,1044.6666666666667,736.5,6.0,HVL_A,1968.0,1963.5,1044.6666666666667,6.0
396,HVL,P,18.0,6.0,0.0,6.0,0.3333333333333333,0.0,0.3333333333333333,6.0,6.0,1.0,1707.8333333333333,1555.0,2224.8333333333335,1447.5,6.0,HVL_P,1707.8333333333333,1555.0,2224.8333333333335,6.0
396,LVH,A,18.0,6.0,0.0,6.0,0.3333333333333333,0.0,0.3333333333333333,6.0,6.0,1.0,1405.8333333333333,1317.5,1386.1666666666667,751.5,6.0,LVH_A,1405.8333333333333,1317.5,1386.1666666666667,6.0
396,LVH,P,16.0,5.0,0.0,6.0,0.3125,0.0,0.3125,5.0,5.0,1.0,1346.6,1310.0,559.8,517.0,5.0,LVH_P,1346.6,1310.0,559.8,5.0
396,LVL,A,18.0,6.0,0.0,6.0,0.3333333333333333,0.0,0.3333333333333333,6.0,6.0,1.0,1536.0,1635.0,931.6666666666666,807.5,6.0,LVL_A,1536.0,1635.0,931.6666666666666,6.0
396,LVL,P,16.0,5.0,0.0,6.0,0.3125,0.0,0.3125,5.0,5.0,1.0,1804.8,1923.0,1884.0,1359.0,5.0,LVL_P,1804.8,1923.0,1884.0,5.0
397,HVL,A,18.0,6.0,0.0,6.0,0.3333333333333333,0.0,0.3333333333333333,6.0,4.0,0.6666666666666666,1975.8333333333333,1860.5,977.3333333333334,488.5,6.0,HVL_A,1975.8333333333333,1860.5,977.3333333333334,6.0
397,HVL,P,16.0,5.0,0.0,6.0,0.3125,0.0,0.3125,5.0,5.0,1.0,2801.6,2577.0,984.2,847.0,5.0,HVL_P,2801.6,2577.0,984.2,5.0
397,LVH,A,18.0,6.0,0.0,6.0,0.3333333333333333,0.0,0.3333333333333333,6.0,4.0,0.6666666666666666,1823.3333333333333,1756.5,1257.8333333333333,447.5,6.0,LVH_A,1823.3333333333333,1756.5,1257.8333333333333,6.0
397,LVH,P,16.0,5.0,0.0,6.0,0.3125,0.0,0.3125,5.0,5.0,1.0,1909.0,1772.0,1045.4,433.0,5.0,LVH_P,1909.0,1772.0,1045.4,5.0
397,LVL,A,18.0,6.0,0.0,6.0,0.3333333333333333,0.0,0.3333333333333333,6.0,4.0,0.6666666666666666,1967.1666666666667,1813.5,1259.6666666666667,457.0,6.0,LVL_A,1967.1666666666667,1813.5,1259.6666666666667,6.0
397,LVL,P,16.0,5.0,0.0,6.0,0.3125,0.0,0.3125,5.0,4.0,0.8,2375.8,2158.0,1326.0,1534.0,5.0,LVL_P,2375.8,2158.0,1326.0,5.0
398,HVL,A,16.0,5.0,0.0,6.0,0.3125,0.0,0.3125,5.0,2.0,0.4,1367.4,1409.0,436.4,288.0,5.0,HVL_A,1367.4,1409.0,436.4,5.0
398,HVL,P,18.0,6.0,0.0,6.0,0.3333333333333333,0.0,0.3333333333333333,6.0,4.0,0.6666666666666666,1647.3333333333333,1410.0,305.5,290.5,6.0,HVL_P,1647.3333333333333,1410.0,305.5,6.0
398,LVH,A,16.0,5.0,0.0,6.0,0.3125,0.0,0.3125,5.0,4.0,0.8,1666.0,1197.0,612.4,328.0,5.0,LVH_A,1666.0,1197.0,612.4,5.0
398,LVH,P,18.0,6.0,0.0,6.0,0.3333333333333333,0.0,0.3333333333333333,6.0,4.0,0.6666666666666666,1153.6666666666667,1045.5,387.1666666666667,304.5,6.0,LVH_P,1153.6666666666667,1045.5,387.1666666666667,6.0
398,LVL,A,14.0,4.0,0.0,6.0,0.2857142857142857,0.0,0.2857142857142857,4.0,2.0,0.5,1345.0,1355.0,333.0,270.5,4.0,LVL_A,1345.0,1355.0,333.0,4.0
398,LVL,P,16.0,5.0,0.0,6.0,0.3125,0.0,0.3125,5.0,4.0,0.8,1479.2,1424.0,903.2,368.0,5.0,LVL_P,1479.2,1424.0,903.2,5.0
